CREATE TABLE DEPARTAMENTOS (
    DEPARTAMENTO VARCHAR(100),
    DIVISAO VARCHAR(100),
    PRIMARY KEY (DEPARTAMENTO)
  );

INSERT INTO DEPARTAMENTOS VALUES ('AUTOMOTIVO','AUTO & HARDWARE');
INSERT INTO DEPARTAMENTOS VALUES ('BEBÊS','CASA E AFINS');
INSERT INTO DEPARTAMENTOS VALUES ('BELEZA','CASA E AFINS');
INSERT INTO DEPARTAMENTOS VALUES ('ROUPAS','CASA E AFINS');
INSERT INTO DEPARTAMENTOS VALUES ('COMPUTADORES','EQUIPAMENTOS ELETRÔNICOS');
INSERT INTO DEPARTAMENTOS VALUES ('ELETRONICOS','EQUIPAMENTOS ELETRÔNICOS');
INSERT INTO DEPARTAMENTOS VALUES ('GAMES','CASA E AFINS');
INSERT INTO DEPARTAMENTOS VALUES ('JARDIM','OUTDOORS & JARDIM');
INSERT INTO DEPARTAMENTOS VALUES ('ALIMENTÍCIOS','CASA E AFINS');
INSERT INTO DEPARTAMENTOS VALUES ('SAÚDE','CASA E AFINS');
INSERT INTO DEPARTAMENTOS VALUES ('LAR','CASA E AFINS');
INSERT INTO DEPARTAMENTOS VALUES ('INDUSTRIAL','AUTO & HARDWARE');
INSERT INTO DEPARTAMENTOS VALUES ('JOALHERIA','FASHION');
INSERT INTO DEPARTAMENTOS VALUES ('CRIANÇAS','CASA E AFINS');
INSERT INTO DEPARTAMENTOS VALUES ('FILMES','ENTRETENIMENTO');
INSERT INTO DEPARTAMENTOS VALUES ('MÚSICA','ENTRETENIMENTO');
INSERT INTO DEPARTAMENTOS VALUES ('OUTDOORS','OUTDOORS & JARDIM');
INSERT INTO DEPARTAMENTOS VALUES ('CALÇADOS','CASA E AFINS');
INSERT INTO DEPARTAMENTOS VALUES ('ESPORTE','GAMES & ESPORTE');
INSERT INTO DEPARTAMENTOS VALUES ('FERRAMENTAS','AUTO & HARDWARE');
INSERT INTO DEPARTAMENTOS VALUES ('BRINQUEDOS','GAMES & ESPORTE');


CREATE TABLE LOCALIZACAO (
   IDREGIAO INT,
   LOCALIZACAO VARCHAR(20),
   PAIS VARCHAR(20),
   PRIMARY KEY (IDREGIAO)
  );

INSERT INTO LOCALIZACAO VALUES (1, 'NORDESTE', 'BRASIL');
INSERT INTO LOCALIZACAO VALUES (2, 'SUDESTE', 'BRASIL');
INSERT INTO LOCALIZACAO VALUES (3, 'SUL', 'BRASIL');
INSERT INTO LOCALIZACAO VALUES (4, 'NORTE', 'BRASIL');
INSERT INTO LOCALIZACAO VALUES (5, 'BRITISH COLUMBIA', 'CANADA');
INSERT INTO LOCALIZACAO VALUES (6, 'QUEBEC', 'CANADA');
INSERT INTO LOCALIZACAO VALUES (7, 'NOVA SCOTIA', 'CANADA');


CREATE TABLE FUNCIONARIOS
  (
      IDFUNCIONARIO INTEGER,
      NOME VARCHAR(100),
      EMAIL VARCHAR(200),
      SEXO VARCHAR(10),
      DEPARTAMENTO VARCHAR(100),
      ADMISSAO DATE,
      SALARIO INTEGER,
      CARGO VARCHAR(100),
      IDREGIAO INT,
      PRIMARY KEY (IDFUNCIONARIO)
  );

INSERT INTO FUNCIONARIOS VALUES (1,'KELLEY','RKELLEY0@SOUNDCLOUD.COM','FEMININO','COMPUTADORES','10/2/2009',67470,'STRUCTURAL ENGINEER',2);
INSERT INTO FUNCIONARIOS VALUES (2,'ARMSTRONG','SARMSTRONG1@INFOSEEK.CO.JP','MASCULINO','ESPORTE','3/31/2008',71869,'FINANCIAL ADVISOR',2);
INSERT INTO FUNCIONARIOS VALUES (3,'CARR','FCARR2@WOOTHEMES.COM','MASCULINO','AUTOMOTIVO','7/12/2009',101768,'RECRUITING MANAGER',3);
INSERT INTO FUNCIONARIOS VALUES (4,'MURRAY','JMURRAY3@GOV.UK','FEMININO','JOALHERIA','12/25/2014',96897,'DESKTOP SUPPORT TECHNICIAN',3);
INSERT INTO FUNCIONARIOS VALUES (5,'ELLIS','JELLIS4@SCIENCEDIRECT.COM','FEMININO','ALIMENTÍCIOS','9/19/2002',63702,'SOFTWARE ENGINEER III',7);
INSERT INTO FUNCIONARIOS VALUES (6,'PHILLIPS','BPHILLIPS5@TIME.COM','MASCULINO','FERRAMENTAS','8/21/2013',118497,'EXECUTIVE SECRETARY',1);
INSERT INTO FUNCIONARIOS VALUES (7,'WILLIAMSON','RWILLIAMSON6@TED.COM','MASCULINO','COMPUTADORES','5/14/2006',65889,'DENTAL HYGIENIST',6);
INSERT INTO FUNCIONARIOS VALUES (8,'HARRIS','AHARRIS7@UCOZ.COM','FEMININO','BRINQUEDOS','8/12/2003',84427,'SAFETY TECHNICIAN I',4);
INSERT INTO FUNCIONARIOS VALUES (9,'JAMES','RJAMES8@PRNEWSWIRE.COM','MASCULINO','JOALHERIA','9/7/2005',108657,'SALES ASSOCIATE',2);
INSERT INTO FUNCIONARIOS VALUES (10,'SANCHEZ','RSANCHEZ9@CLOUDFLARE.COM','MASCULINO','FILMES','3/13/2013',108093,'SALES REPRESENTATIVE',1);
INSERT INTO FUNCIONARIOS VALUES (11,'JACOBS','JJACOBSA@SBWIRE.COM','FEMININO','JOALHERIA','11/27/2003',121966,'COMMUNITY OUTREACH SPECIALIST',7);
INSERT INTO FUNCIONARIOS VALUES (12,'BLACK','MBLACKB@EDUBLOGS.ORG','MASCULINO','ROUPAS','2/4/2003',44179,'DATA COORDIATOR',7);
INSERT INTO FUNCIONARIOS VALUES (13,'SCHMIDT','SSCHMIDTC@STATE.GOV','MASCULINO','BEBÊS','10/13/2002',85227,'COMPENSATION ANALYST',3);
INSERT INTO FUNCIONARIOS VALUES (14,'WEBB','AWEBBD@BAIDU.COM','FEMININO','COMPUTADORES','10/22/2006',59763,'SOFTWARE TEST ENGINEER III',4);
INSERT INTO FUNCIONARIOS VALUES (15,'JACOBS','AJACOBSE@GOOGLE.IT','FEMININO','GAMES','3/4/2007',141139,'COMMUNITY OUTREACH SPECIALIST',7);
INSERT INTO FUNCIONARIOS VALUES (16,'MEDINA','SMEDINAF@AMAZONAWS.COM','FEMININO','BEBÊS','3/14/2008',106659,'WEB DEVELOPER III',1);
INSERT INTO FUNCIONARIOS VALUES (17,'MORGAN','DMORGANG@123-REG.CO.UK','FEMININO','CRIANÇAS','5/4/2011',148952,'PROGRAMMER IV',6);
INSERT INTO FUNCIONARIOS VALUES (18,'NGUYEN','JNGUYENH@GOOGLE.COM','MASCULINO','LAR','11/3/2014',93804,'GEOLOGIST II',5);
INSERT INTO FUNCIONARIOS VALUES (19,'DAY','RDAYI@CHRONOENGINE.COM','MASCULINO','ELETRONICOS','9/22/2004',109890,'VP SALES',3);
INSERT INTO FUNCIONARIOS VALUES (20,'CARR','DCARRJ@OCN.NE.JP','FEMININO','FILMES','11/22/2007',115274,'VP QUALITY CONTROL',5);
INSERT INTO FUNCIONARIOS VALUES (21,'BRYANT','SBRYANTK@WUNDERGROUND.COM','FEMININO','INDUSTRIAL','8/12/2005',78052,'SOFTWARE CONSULTANT',3);
INSERT INTO FUNCIONARIOS VALUES (22,'ALEXANDER','KALEXANDERL@MARKETWATCH.COM','MASCULINO','AUTOMOTIVO','12/26/2011',144724,'MARKETING ASSISTANT',2);
INSERT INTO FUNCIONARIOS VALUES (23,'CHAPMAN','JCHAPMANM@ARCHIVE.ORG','FEMININO','JOALHERIA','4/12/2001',126103,'SENIOR DEVELOPER',4);
INSERT INTO FUNCIONARIOS VALUES (24,'KELLY','EKELLYN@WEIBO.COM','MASCULINO','JARDIM','6/29/2006',144965,'NURSE PRACTICIONER',2);
INSERT INTO FUNCIONARIOS VALUES (25,'STEPHENS','JSTEPHENSO@OW.LY','MASCULINO','BRINQUEDOS','6/4/2004',70613,'BUSINESS SYSTEMS DEVELOPMENT ANALYST',1);
INSERT INTO FUNCIONARIOS VALUES (26,'PORTER','VPORTERP@YELP.COM','FEMININO','LAR','5/30/2011',90746,'DENTAL HYGIENIST',2);
INSERT INTO FUNCIONARIOS VALUES (27,'OWENS','COWENSQ@SHAREASALE.COM','FEMININO','LAR','5/26/2005',78698,'EXECUTIVE SECRETARY',2);
INSERT INTO FUNCIONARIOS VALUES (28,'SCOTT','CSCOTTR@SPHINN.COM','FEMININO','BOOKS','3/2/2008',63336,'SALES REPRESENTATIVE',4);
INSERT INTO FUNCIONARIOS VALUES (29,'PRICE','CPRICES@BRASIL.GOV','FEMININO','ROUPAS','7/5/2013',95436,'QUALITY ENGINEER',3);
INSERT INTO FUNCIONARIOS VALUES (30,'WEAVER','DWEAVERT@SHINYSTAT.COM','MASCULINO','BELEZA','2/17/2012',83144,'ACCOUNT REPRESENTATIVE III',2);
INSERT INTO FUNCIONARIOS VALUES (31,'WILLIS','HWILLISU@ARMY.MIL','FEMININO','FERRAMENTAS','10/21/2012',113507,'ACCOUNTANT I',7);
INSERT INTO FUNCIONARIOS VALUES (32,'TORRES','LTORRESV@AMAZON.DE','MASCULINO','GAMES','4/7/2014',78245,'NUCLEAR POWER ENGINEER',6);
INSERT INTO FUNCIONARIOS VALUES (33,'GREENE','WGREENEW@BLOGSPOT.COM','MASCULINO','FILMES','3/21/2000',87057,'ASSISTANT MANAGER',1);
INSERT INTO FUNCIONARIOS VALUES (34,'REED','AREEDX@CISCO.COM','MASCULINO','FILMES','11/28/2002',120579,'ASSISTANT MEDIA PLANNER',6);
INSERT INTO FUNCIONARIOS VALUES (35,'SMITH','BSMITHY@STATCOUNTER.COM','FEMININO','BOOKS','6/13/2013',94884,'LIBRARIAN',7);
INSERT INTO FUNCIONARIOS VALUES (36,'BRADLEY','NBRADLEYZ@GOODREADS.COM','MASCULINO','OUTDOORS','12/28/2008',107222,'PAYMENT ADJUSTMENT COORDINATOR',3);
INSERT INTO FUNCIONARIOS VALUES (37,'CRUZ','RCRUZ10@BLINKLIST.COM','FEMININO','LAR','5/20/2000',61739,'QUALITY ENGINEER',1);
INSERT INTO FUNCIONARIOS VALUES (38,'WILLIAMSON','DWILLIAMSON11@REDIFF.COM','FEMININO','JARDIM','1/25/2012',82026,'NURSE',2);
INSERT INTO FUNCIONARIOS VALUES (39,'KENNEDY','SKENNEDY12@REDIFF.COM','MASCULINO','BEBÊS','7/2/2011',79339,'CIVIL ENGINEER',1);
INSERT INTO FUNCIONARIOS VALUES (40,'HAWKINS','PHAWKINS13@TWITPIC.COM','FEMININO','ROUPAS','8/20/2011',76809,'QUALITY ENGINEER',6);
INSERT INTO FUNCIONARIOS VALUES (41,'ALLEN','JALLEN14@USTREAM.TV','FEMININO','BEBÊS','5/10/2001',89680,'WEB DEVELOPER III',6);
INSERT INTO FUNCIONARIOS VALUES (42,'WATKINS','MWATKINS15@WILEY.COM','MASCULINO','COMPUTADORES','4/1/2008',125668,'EXECUTIVE SECRETARY',7);
INSERT INTO FUNCIONARIOS VALUES (43,'FERGUSON','MFERGUSON16@QQ.COM','MASCULINO','ESPORTE','5/29/2009',82960,'ACCOUNT REPRESENTATIVE III',6);
INSERT INTO FUNCIONARIOS VALUES (44,'SIMMONS','ASIMMONS17@CSMONITOR.COM','MASCULINO','FILMES','12/21/2013',113857,'DEVELOPER III',2);
INSERT INTO FUNCIONARIOS VALUES (45,'NGUYEN','MNGUYEN18@BIBLEGATEWAY.COM','MASCULINO','AUTOMOTIVO','1/24/2002',108378,'ELECTRICAL ENGINEER',7);
INSERT INTO FUNCIONARIOS VALUES (46,'LAWRENCE','JLAWRENCE19@LINKEDIN.COM','MASCULINO','OUTDOORS','12/11/2011',133424,'JUNIOR EXECUTIVE',7);
INSERT INTO FUNCIONARIOS VALUES (47,'OLIVER','JOLIVER1A@CNBC.COM','FEMININO','ROUPAS','8/30/2013',42797,'SOFTWARE ENGINEER III',5);
INSERT INTO FUNCIONARIOS VALUES (48,'JOHNSON','JJOHNSON1B@USGS.GOV','MASCULINO','COMPUTADORES','4/26/2004',134940,'FINANCIAL ADVISOR',4);
INSERT INTO FUNCIONARIOS VALUES (49,'CRAWFORD','HCRAWFORD1C@DELL.COM','MASCULINO','LAR','12/21/2008',119471,'EDITOR',6);
INSERT INTO FUNCIONARIOS VALUES (50,'ARMSTRONG','PARMSTRONG1D@HC360.COM','FEMININO','AUTOMOTIVO','3/16/2010',89969,'SENIOR EDITOR',4);
INSERT INTO FUNCIONARIOS VALUES (51,'DIXON','JDIXON1E@DOT.GOV','MASCULINO','BEBÊS','9/26/2006',106281,'SENIOR DEVELOPER',3);
INSERT INTO FUNCIONARIOS VALUES (52,'SNYDER','SSNYDER1F@CA.GOV','FEMININO','CRIANÇAS','9/26/2002',141678,'DESIGN ENGINEER',3);
INSERT INTO FUNCIONARIOS VALUES (53,'COLEMAN','DCOLEMAN1G@DEDECMS.COM','MASCULINO','COMPUTADORES','6/14/2008',110839,'AUTOMATION SPECIALIST I',1);
INSERT INTO FUNCIONARIOS VALUES (54,'REED','SREED1H@INTEL.COM','FEMININO','BRINQUEDOS','4/15/2001',84275,'VP MARKETING',5);
INSERT INTO FUNCIONARIOS VALUES (55,'ROSS','JROSS1I@INFOSEEK.CO.JP','MASCULINO','AUTOMOTIVO','4/21/2004',71363,'ENVIRONMENTAL TECH',3);
INSERT INTO FUNCIONARIOS VALUES (56,'WATKINS','KWATKINS1J@YOUTU.BE','MASCULINO','JARDIM','12/2/2002',93680,'VP ACCOUNTING',3);
INSERT INTO FUNCIONARIOS VALUES (57,'ALLEN','JALLEN1K@GOOGLE.CN','FEMININO','OUTDOORS','11/20/2000',73755,'GEOLOGIST II',3);
INSERT INTO FUNCIONARIOS VALUES (58,'BAKER','JBAKER1L@USNEWS.COM','MASCULINO','GAMES','3/2/2007',68857,'INFORMATION SYSTEMS MANAGER',2);
INSERT INTO FUNCIONARIOS VALUES (59,'GARCIA','VGARCIA1M@DEVIANTART.COM','FEMININO','SAÚDE','3/19/2002',48360,'REGISTERED NURSE',6);
INSERT INTO FUNCIONARIOS VALUES (60,'LANE','ELANE1N@UN.ORG','MASCULINO','OUTDOORS','7/15/2004',104896,'FINANCIAL ADVISOR',5);
INSERT INTO FUNCIONARIOS VALUES (61,'WATSON','CWATSON1O@PAYPAL.COM','FEMININO','FERRAMENTAS','8/10/2009',81870,'OCCUPATIONAL THERAPIST',7);
INSERT INTO FUNCIONARIOS VALUES (62,'BOYD','ABOYD1P@ARTISTEER.COM','MASCULINO','AUTOMOTIVO','5/29/2007',69936,'SENIOR EDITOR',7);
INSERT INTO FUNCIONARIOS VALUES (63,'YOUNG','HYOUNG1Q@CISCO.COM','FEMININO','ALIMENTÍCIOS','12/11/2007',138844,'MECHANICAL SYSTEMS ENGINEER',6);
INSERT INTO FUNCIONARIOS VALUES (64,'COOPER','TCOOPER1R@UMICH.EDU','MASCULINO','JARDIM','11/12/2011',139796,'OFFICE ASSISTANT IV',1);
INSERT INTO FUNCIONARIOS VALUES (65,'JORDAN','JJORDAN1S@ABOUT.ME','FEMININO','AUTOMOTIVO','1/27/2000',86939,'TAX ACCOUNTANT',3);
INSERT INTO FUNCIONARIOS VALUES (66,'RODRIGUEZ','LRODRIGUEZ1T@NAROD.RU','MASCULINO','BELEZA','9/27/2003',141949,'PRODUCT ENGINEER',4);
INSERT INTO FUNCIONARIOS VALUES (67,'MILLS','JMILLS1U@PRINTFRIENDLY.COM','FEMININO','ALIMENTÍCIOS','8/8/2004',114200,'SENIOR SALES ASSOCIATE',7);
INSERT INTO FUNCIONARIOS VALUES (68,'COLEMAN','KCOLEMAN1V@360.CN','MASCULINO','BELEZA','9/2/2012',121378,'WEB DEVELOPER I',7);
INSERT INTO FUNCIONARIOS VALUES (69,'STEWART','DSTEWART1W@USNEWS.COM','MASCULINO','BRINQUEDOS','8/22/2000',148144,'DATA COORDIATOR',4);
INSERT INTO FUNCIONARIOS VALUES (70,'JORDAN','AJORDAN1X@MOONFRUIT.COM','FEMININO','GAMES','11/13/2004',93839,'DATABASE ADMINISTRATOR III',2);
INSERT INTO FUNCIONARIOS VALUES (71,'VASQUEZ','EVASQUEZ1Y@BEHANCE.NET','MASCULINO','BEBÊS','10/20/2002',77285,'OPERATOR',6);
INSERT INTO FUNCIONARIOS VALUES (72,'KNIGHT','TKNIGHT1Z@WEIBO.COM','FEMININO','MÚSICA','10/13/2002',135688,'STATISTICIAN I',4);
INSERT INTO FUNCIONARIOS VALUES (73,'PALMER','IPALMER20@NEWSVINE.COM','MASCULINO','ESPORTE','4/3/2002',78828,'DIRECTOR OF SALES',2);
INSERT INTO FUNCIONARIOS VALUES (74,'WASHINGTON','JWASHINGTON21@SQUIDOO.COM','FEMININO','LAR','7/11/2000',47206,'PROGRAMMER III',3);
INSERT INTO FUNCIONARIOS VALUES (75,'SANCHEZ','DSANCHEZ22@BLOG.COM','FEMININO','OUTDOORS','10/6/2013',78157,'SENIOR FINANCIAL ANALYST',1);
INSERT INTO FUNCIONARIOS VALUES (76,'GRANT','EGRANT23@PRLOG.ORG','FEMININO','ELETRONICOS','7/23/2000',49296,'SOFTWARE TEST ENGINEER II',6);
INSERT INTO FUNCIONARIOS VALUES (77,'DANIELS','NDANIELS24@GOOGLE.CA','MASCULINO','FERRAMENTAS','2/7/2013',139061,'ENVIRONMENTAL SPECIALIST',3);
INSERT INTO FUNCIONARIOS VALUES (78,'MEDINA','JMEDINA25@DOT.GOV','FEMININO','GAMES','9/16/2005',114989,'MARKETING ASSISTANT',3);
INSERT INTO FUNCIONARIOS VALUES (79,'CUNNINGHAM','ACUNNINGHAM26@SIMPLEMACHINES.ORG','MASCULINO','ROUPAS','9/15/2002',88345,'JUNIOR EXECUTIVE',6);
INSERT INTO FUNCIONARIOS VALUES (80,'LITTLE','KLITTLE27@UN.ORG','MASCULINO','MÚSICA','9/12/2001',114647,'EDITOR',5);
INSERT INTO FUNCIONARIOS VALUES (81,'WELCH','JWELCH28@1UND1.DE','MASCULINO','OUTDOORS','7/24/2004',118514,'ACCOUNTING ASSISTANT III',5);
INSERT INTO FUNCIONARIOS VALUES (82,'GILBERT','HGILBERT29@XREA.COM','FEMININO','LAR','5/11/2003',93712,'JUNIOR EXECUTIVE',7);
INSERT INTO FUNCIONARIOS VALUES (83,'GEORGE','AGEORGE2A@GMPG.ORG','MASCULINO','INDUSTRIAL','5/2/2009',86373,'COMPENSATION ANALYST',7);
INSERT INTO FUNCIONARIOS VALUES (84,'HUGHES','MHUGHES2B@YOUTUBE.COM','MASCULINO','CRIANÇAS','1/28/2013',122110,'STRUCTURAL ENGINEER',6);
INSERT INTO FUNCIONARIOS VALUES (85,'WILLIAMS','JWILLIAMS2C@BUSINESSWIRE.COM','FEMININO','GAMES','3/26/2006',95542,'NURSE',2);
INSERT INTO FUNCIONARIOS VALUES (86,'MARTINEZ','WMARTINEZ2D@BARNESANDNOBLE.COM','FEMININO','OUTDOORS','5/25/2013',131392,'SYSTEMS ADMINISTRATOR II',2);
INSERT INTO FUNCIONARIOS VALUES (87,'HAMILTON','HHAMILTON2E@GOOGLE.DE','MASCULINO','MÚSICA','10/23/2010',98401,'VP QUALITY CONTROL',1);
INSERT INTO FUNCIONARIOS VALUES (88,'GOMEZ','JGOMEZ2F@MTV.COM','FEMININO','FERRAMENTAS','9/19/2004',103806,'ACCOUNTING ASSISTANT I',3);
INSERT INTO FUNCIONARIOS VALUES (89,'WEBB','AWEBB2G@SPRINGER.COM','MASCULINO','SAÚDE','4/10/2014',73686,'TAX ACCOUNTANT',2);
INSERT INTO FUNCIONARIOS VALUES (90,'THOMAS','TTHOMAS2H@WEBNODE.COM','MASCULINO','GAMES','11/3/2011',55002,'RESEARCH ASSISTANT IV',6);
INSERT INTO FUNCIONARIOS VALUES (91,'WALLACE','SWALLACE2I@STATE.TX.US','MASCULINO','BEBÊS','3/7/2005',65216,'REGISTERED NURSE',4);
INSERT INTO FUNCIONARIOS VALUES (92,'ORTIZ','AORTIZ2J@JIGSY.COM','FEMININO','AUTOMOTIVO','6/22/2010',113231,'SENIOR EDITOR',7);
INSERT INTO FUNCIONARIOS VALUES (93,'KNIGHT','NKNIGHT2K@CAFEPRESS.COM','FEMININO','ELETRONICOS','4/3/2014',125847,'CHEMICAL ENGINEER',5);
INSERT INTO FUNCIONARIOS VALUES (94,'HUNT','THUNT2L@TWITPIC.COM','FEMININO','MÚSICA','5/31/2000',140430,'SENIOR COST ACCOUNTANT',2);
INSERT INTO FUNCIONARIOS VALUES (95,'FRANKLIN','SFRANKLIN2M@WORDPRESS.COM','MASCULINO','FILMES','11/6/2013',117105,'VP QUALITY CONTROL',5);
INSERT INTO FUNCIONARIOS VALUES (96,'MASON','WMASON2N@XREA.COM','MASCULINO','BELEZA','2/21/2004',96673,'ACCOUNTING ASSISTANT I',1);
INSERT INTO FUNCIONARIOS VALUES (97,'WILLIAMS','WWILLIAMS2O@BERKELEY.EDU','FEMININO','GAMES','3/14/2013',79267,'VP QUALITY CONTROL',7);
INSERT INTO FUNCIONARIOS VALUES (98,'FREEMAN','LFREEMAN2P@TINY.CC','FEMININO','CRIANÇAS','10/11/2007',109154,'ACCOUNTANT I',4);
INSERT INTO FUNCIONARIOS VALUES (99,'PALMER','IPALMER2Q@YOUKU.COM','FEMININO','BOOKS','4/24/2002',138815,'PHYSICAL THERAPY ASSISTANT',3);
INSERT INTO FUNCIONARIOS VALUES (100,'BELL','RBELL2R@UTEXAS.EDU','MASCULINO','ESPORTE','8/3/2007',68210,'REGISTERED NURSE',4);
INSERT INTO FUNCIONARIOS VALUES (101,'RIVERA','JRIVERA2S@OAKLEY.COM','MASCULINO','GAMES','11/16/2002',137281,'VP SALES',3);
INSERT INTO FUNCIONARIOS VALUES (102,'MATTHEWS','KMATTHEWS2T@OAIC.GOV.AU','MASCULINO','SAÚDE','8/9/2008',114970,'STATISTICIAN IV',2);
INSERT INTO FUNCIONARIOS VALUES (103,'REED','DREED2U@ARSTECHNICA.COM','MASCULINO','AUTOMOTIVO','7/19/2003',126001,'STRUCTURAL ENGINEER',6);
INSERT INTO FUNCIONARIOS VALUES (104,'ADAMS','EADAMS2V@YANDEX.RU','MASCULINO','ALIMENTÍCIOS','9/16/2003',78736,'FINANCIAL ANALYST',6);
INSERT INTO FUNCIONARIOS VALUES (105,'YOUNG','SYOUNG2W@CMU.EDU','MASCULINO','CALÇADOS','9/16/2009',80830,'QUALITY CONTROL SPECIALIST',4);
INSERT INTO FUNCIONARIOS VALUES (106,'GARDNER','RGARDNER2X@THEGUARDIAN.COM','MASCULINO','CRIANÇAS','8/6/2009',47879,'PRODUCT ENGINEER',5);
INSERT INTO FUNCIONARIOS VALUES (107,'CASTILLO','BCASTILLO2Y@CORNELL.EDU','FEMININO','COMPUTADORES','3/31/2004',132634,'CIVIL ENGINEER',2);
INSERT INTO FUNCIONARIOS VALUES (108,'PERKINS','JPERKINS2Z@PRLOG.ORG','MASCULINO','ROUPAS','7/14/2005',68344,'SENIOR COST ACCOUNTANT',7);
INSERT INTO FUNCIONARIOS VALUES (109,'FREEMAN','BFREEMAN30@FDA.GOV','FEMININO','ROUPAS','10/14/2007',147868,'GENERAL MANAGER',6);
INSERT INTO FUNCIONARIOS VALUES (110,'HOWELL','WHOWELL31@FREE.FR','MASCULINO','BOOKS','4/15/2011',67255,'GEOLOGIST III',4);
INSERT INTO FUNCIONARIOS VALUES (111,'AUSTIN','NAUSTIN32@DISCUZ.NET','FEMININO','COMPUTADORES','6/13/2012',47494,'HELP DESK OPERATOR',6);
INSERT INTO FUNCIONARIOS VALUES (112,'MORRIS','AMORRIS33@IRS.GOV','FEMININO','FILMES','7/19/2013',127645,'LEGAL ASSISTANT',1);
INSERT INTO FUNCIONARIOS VALUES (113,'MOORE','KMOORE34@SHAREASALE.COM','MASCULINO','BEBÊS','3/1/2000',54413,'OPERATOR',5);
INSERT INTO FUNCIONARIOS VALUES (114,'SIMS','MSIMS35@I2I.JP','MASCULINO','ALIMENTÍCIOS','12/6/2012',136790,'NUCLEAR POWER ENGINEER',2);
INSERT INTO FUNCIONARIOS VALUES (115,'NGUYEN','RNGUYEN36@BANDCAMP.COM','FEMININO','ROUPAS','6/30/2007',58420,'GRAPHIC DESIGNER',1);
INSERT INTO FUNCIONARIOS VALUES (116,'WELLS','AWELLS37@THEATLANTIC.COM','MASCULINO','INDUSTRIAL','1/17/2002',73813,'OCCUPATIONAL THERAPIST',3);
INSERT INTO FUNCIONARIOS VALUES (117,'MARTIN','JMARTIN38@CHRON.COM','MASCULINO','FILMES','10/2/2012',49644,'SENIOR DEVELOPER',4);
INSERT INTO FUNCIONARIOS VALUES (118,'FOX','PFOX39@DISCOVERY.COM','MASCULINO','AUTOMOTIVO','9/3/2009',87134,'ASSISTANT MANAGER',3);
INSERT INTO FUNCIONARIOS VALUES (119,'WASHINGTON','WWASHINGTON3A@DOT.GOV','FEMININO','ROUPAS','10/6/2008',148408,'SPEECH PATHOLOGIST',3);
INSERT INTO FUNCIONARIOS VALUES (120,'EVANS','WEVANS3B@SCIENTIFICAMERICAN.COM','FEMININO','BRINQUEDOS','1/23/2008',77335,'CHEMICAL ENGINEER',4);
INSERT INTO FUNCIONARIOS VALUES (121,'ELLIOTT','BELLIOTT3C@JIATHIS.COM','FEMININO','ESPORTE','8/5/2007',131409,'TECHNICAL WRITER',7);
INSERT INTO FUNCIONARIOS VALUES (122,'WAGNER','JWAGNER3D@FOTKI.COM','MASCULINO','BEBÊS','2/26/2001',77530,'LIBRARIAN',1);
INSERT INTO FUNCIONARIOS VALUES (123,'GRIFFIN','AGRIFFIN3E@MTV.COM','FEMININO','JARDIM','4/26/2002',101875,'BUSINESS SYSTEMS DEVELOPMENT ANALYST',4);
INSERT INTO FUNCIONARIOS VALUES (124,'CHAVEZ','MCHAVEZ3F@SOHU.COM','FEMININO','ALIMENTÍCIOS','12/7/2005',144028,'EXECUTIVE SECRETARY',6);
INSERT INTO FUNCIONARIOS VALUES (125,'DEAN','LDEAN3G@BLOGSPOT.COM','FEMININO','FILMES','5/5/2012',140708,'NURSE',1);
INSERT INTO FUNCIONARIOS VALUES (126,'BURTON','BBURTON3H@360.CN','MASCULINO','CALÇADOS','7/11/2013',79172,'ASSOCIATE PROFESSOR',7);
INSERT INTO FUNCIONARIOS VALUES (127,'HARPER','SHARPER3I@SLIDESHARE.NET','FEMININO','OUTDOORS','5/18/2000',144639,'VP QUALITY CONTROL',7);
INSERT INTO FUNCIONARIOS VALUES (128,'GIBSON','TGIBSON3J@UCOZ.COM','MASCULINO','COMPUTADORES','3/24/2003',109449,'ENGINEER II',7);
INSERT INTO FUNCIONARIOS VALUES (129,'GRANT','LGRANT3K@LIVE.COM','FEMININO','COMPUTADORES','10/15/2006',108441,'NURSE',6);
INSERT INTO FUNCIONARIOS VALUES (130,'NICHOLS','BNICHOLS3L@DROPBOX.COM','FEMININO','GAMES','7/3/2008',145692,'RECRUITING MANAGER',5);
INSERT INTO FUNCIONARIOS VALUES (131,'KELLEY','WKELLEY3M@DOMAINMARKET.COM','MASCULINO','CALÇADOS','2/24/2000',120377,'RESEARCH NURSE',4);
INSERT INTO FUNCIONARIOS VALUES (132,'MONTGOMERY','RMONTGOMERY3N@CHICAGOTRIBUNE.COM','FEMININO','LAR','5/14/2003',63929,'RESEARCH ASSISTANT IV',5);
INSERT INTO FUNCIONARIOS VALUES (133,'MARTINEZ','DMARTINEZ3O@DEVIANTART.COM','MASCULINO','GAMES','2/1/2001',124853,'SYSTEMS ADMINISTRATOR III',2);
INSERT INTO FUNCIONARIOS VALUES (134,'HARVEY','JHARVEY3P@ANGELFIRE.COM','FEMININO','OUTDOORS','6/3/2010',99854,'VP MARKETING',6);
INSERT INTO FUNCIONARIOS VALUES (135,'HICKS','AHICKS3Q@PCWORLD.COM','FEMININO','CRIANÇAS','8/11/2013',58675,'TECHNICAL WRITER',3);
INSERT INTO FUNCIONARIOS VALUES (136,'ROSE','LROSE3R@SLIDESHARE.NET','FEMININO','BELEZA','5/16/2007',50060,'ACCOUNTANT IV',1);
INSERT INTO FUNCIONARIOS VALUES (137,'SIMMONS','JSIMMONS3S@IMAGESHACK.US','FEMININO','ESPORTE','8/9/2014',72748,'QUALITY CONTROL SPECIALIST',3);
INSERT INTO FUNCIONARIOS VALUES (138,'MONTGOMERY','WMONTGOMERY3T@TAOBAO.COM','MASCULINO','ELETRONICOS','9/1/2005',71082,'GEOLOGIST III',7);
INSERT INTO FUNCIONARIOS VALUES (139,'HART','RHART3U@WSJ.COM','MASCULINO','JOALHERIA','1/8/2012',119773,'PHARMACIST',3);
INSERT INTO FUNCIONARIOS VALUES (140,'WHEELER','BWHEELER3V@GOOGLE.CO.UK','MASCULINO','COMPUTADORES','1/22/2001',82358,'INFORMATION SYSTEMS MANAGER',4);
INSERT INTO FUNCIONARIOS VALUES (141,'WILLIAMSON','RWILLIAMSON3W@AMAZON.CO.JP','MASCULINO','GAMES','12/12/2005',145575,'VP ACCOUNTING',1);
INSERT INTO FUNCIONARIOS VALUES (142,'BURTON','GBURTON3X@UMICH.EDU','MASCULINO','INDUSTRIAL','12/6/2009',105810,'RECRUITER',5);
INSERT INTO FUNCIONARIOS VALUES (143,'GUTIERREZ','JGUTIERREZ3Y@TUTTOCITTA.IT','MASCULINO','FERRAMENTAS','5/6/2014',58805,'DATABASE ADMINISTRATOR I',1);
INSERT INTO FUNCIONARIOS VALUES (144,'BARNES','LBARNES3Z@INDIEGOGO.COM','FEMININO','BEBÊS','12/8/2008',112837,'CLINICAL SPECIALIST',5);
INSERT INTO FUNCIONARIOS VALUES (145,'DAY','LDAY40@UPENN.EDU','FEMININO','BEBÊS','4/14/2013',125914,'JUNIOR EXECUTIVE',6);
INSERT INTO FUNCIONARIOS VALUES (146,'THOMPSON','ATHOMPSON41@BOOKING.COM','MASCULINO','FILMES','2/4/2009',133281,'ACCOUNT EXECUTIVE',6);
INSERT INTO FUNCIONARIOS VALUES (147,'HERNANDEZ','AHERNANDEZ42@PAGESPERSO-ORANGE.FR','FEMININO','MÚSICA','10/6/2012',96169,'CIVIL ENGINEER',1);
INSERT INTO FUNCIONARIOS VALUES (148,'SANDERS','LSANDERS43@LINKEDIN.COM','MASCULINO','FILMES','5/9/2013',146970,'FUNCIONARIOS ACCOUNTANT III',3);
INSERT INTO FUNCIONARIOS VALUES (149,'MEYER','JMEYER44@FACEBOOK.COM','FEMININO','BRINQUEDOS','5/3/2008',76352,'HUMAN RESOURCES ASSISTANT IV',4);
INSERT INTO FUNCIONARIOS VALUES (150,'DIAZ','PDIAZ45@WHO.INT','MASCULINO','SAÚDE','10/15/2006',128748,'WEB DEVELOPER III',1);
INSERT INTO FUNCIONARIOS VALUES (151,'LARSON','BLARSON46@NEWSVINE.COM','MASCULINO','BOOKS','8/9/2011',50066,'OPERATOR',1);
INSERT INTO FUNCIONARIOS VALUES (152,'ROBERTS','DROBERTS47@JIMDO.COM','MASCULINO','MÚSICA','7/22/2011',105319,'COMPENSATION ANALYST',4);
INSERT INTO FUNCIONARIOS VALUES (153,'CARROLL','JCARROLL48@CISCO.COM','MASCULINO','LAR','10/30/2003',110622,'SAFETY TECHNICIAN IV',4);
INSERT INTO FUNCIONARIOS VALUES (154,'RUSSELL','MRUSSELL49@EXBLOG.JP','FEMININO','ELETRONICOS','10/16/2009',87422,'HELP DESK OPERATOR',7);
INSERT INTO FUNCIONARIOS VALUES (155,'ROBINSON','TROBINSON4A@AMAZON.COM','MASCULINO','BOOKS','9/6/2007',45456,'CHEMICAL ENGINEER',1);
INSERT INTO FUNCIONARIOS VALUES (156,'HAYES','AHAYES4B@GUARDIAN.CO.UK','MASCULINO','INDUSTRIAL','5/21/2004',52298,'ANALYST PROGRAMMER',7);
INSERT INTO FUNCIONARIOS VALUES (157,'HENRY','DHENRY4C@YELP.COM','MASCULINO','CALÇADOS','5/14/2007',131252,'ACCOUNT REPRESENTATIVE III',1);
INSERT INTO FUNCIONARIOS VALUES (158,'CHAVEZ','MCHAVEZ4D@BAIDU.COM','MASCULINO','JARDIM','2/23/2001',128766,'DESKTOP SUPPORT TECHNICIAN',2);
INSERT INTO FUNCIONARIOS VALUES (159,'HARVEY','EHARVEY4E@OPERA.COM','MASCULINO','FERRAMENTAS','9/12/2009',138179,'ANALOG CIRCUIT DESIGN MANAGER',3);
INSERT INTO FUNCIONARIOS VALUES (160,'GUTIERREZ','CGUTIERREZ4F@USNEWS.COM','FEMININO','INDUSTRIAL','6/22/2003',85012,'FINANCIAL ANALYST',1);
INSERT INTO FUNCIONARIOS VALUES (161,'CRUZ','MCRUZ4G@DEDECMS.COM','MASCULINO','SAÚDE','8/24/2001',131479,'SENIOR COST ACCOUNTANT',7);
INSERT INTO FUNCIONARIOS VALUES (162,'SULLIVAN','JSULLIVAN4H@CLOUDFLARE.COM','FEMININO','SAÚDE','12/28/2005',103182,'ACCOUNTING ASSISTANT I',2);
INSERT INTO FUNCIONARIOS VALUES (163,'ROBERTSON','JROBERTSON4I@LIVE.COM','MASCULINO','JARDIM','6/7/2000',96996,'SOFTWARE TEST ENGINEER I',4);
INSERT INTO FUNCIONARIOS VALUES (164,'ROBERTSON','TROBERTSON4J@YOUTU.BE','FEMININO','COMPUTADORES','8/30/2008',106607,'AUTOMATION SPECIALIST I',2);
INSERT INTO FUNCIONARIOS VALUES (165,'LAWSON','JLAWSON4K@PRNEWSWIRE.COM','MASCULINO','AUTOMOTIVO','12/5/2012',130993,'ADMINISTRATIVE OFFICER',2);
INSERT INTO FUNCIONARIOS VALUES (166,'MEYER','KMEYER4L@BLOGLOVIN.COM','MASCULINO','INDUSTRIAL','3/5/2006',87097,'SAFETY TECHNICIAN IV',7);
INSERT INTO FUNCIONARIOS VALUES (167,'LOPEZ','RLOPEZ4M@FOXNEWS.COM','MASCULINO','OUTDOORS','1/25/2013',131961,'LEGAL ASSISTANT',4);
INSERT INTO FUNCIONARIOS VALUES (168,'BURNS','PBURNS4N@NETWORKSOLUTIONS.COM','FEMININO','JOALHERIA','6/9/2014',88093,'EDITOR',7);
INSERT INTO FUNCIONARIOS VALUES (169,'SANDERS','RSANDERS4O@SALON.COM','MASCULINO','FILMES','12/24/2010',41898,'TAX ACCOUNTANT',6);
INSERT INTO FUNCIONARIOS VALUES (170,'MARTINEZ','CMARTINEZ4P@FACEBOOK.COM','MASCULINO','ELETRONICOS','6/28/2004',52808,'HUMAN RESOURCES ASSISTANT I',2);
INSERT INTO FUNCIONARIOS VALUES (171,'HARRIS','MHARRIS4Q@SQUARESPACE.COM','FEMININO','FILMES','9/27/2004',110912,'GEOLOGIST I',5);
INSERT INTO FUNCIONARIOS VALUES (172,'FIELDS','RFIELDS4R@AMAZON.CO.UK','MASCULINO','BOOKS','9/5/2009',101520,'PROJECT MANAGER',1);
INSERT INTO FUNCIONARIOS VALUES (173,'FOX','FFOX4S@GEOCITIES.COM','FEMININO','BOOKS','11/21/2005',55633,'SYSTEMS ADMINISTRATOR IV',1);
INSERT INTO FUNCIONARIOS VALUES (174,'REYNOLDS','DREYNOLDS4T@BIGLOBE.NE.JP','FEMININO','BOOKS','10/8/2010',91561,'VP PRODUCT MANAGEMENT',7);
INSERT INTO FUNCIONARIOS VALUES (175,'DANIELS','CDANIELS4U@RAMBLER.RU','MASCULINO','ALIMENTÍCIOS','11/7/2013',77307,'BIOSTATISTICIAN IV',7);
INSERT INTO FUNCIONARIOS VALUES (176,'FISHER','RFISHER4V@JIGSY.COM','MASCULINO','ROUPAS','10/14/2012',67942,'FINANCIAL ADVISOR',6);
INSERT INTO FUNCIONARIOS VALUES (177,'FERGUSON','NFERGUSON4W@NETWORKSOLUTIONS.COM','FEMININO','ROUPAS','9/18/2008',80397,'COMPENSATION ANALYST',1);
INSERT INTO FUNCIONARIOS VALUES (178,'BUTLER','CBUTLER4X@AMAZON.DE','FEMININO','ESPORTE','2/17/2003',78157,'LIBRARIAN',1);
INSERT INTO FUNCIONARIOS VALUES (179,'REYNOLDS','RREYNOLDS4Y@MIITBEIAN.GOV.CN','FEMININO','JARDIM','1/29/2004',121836,'VP ACCOUNTING',7);
INSERT INTO FUNCIONARIOS VALUES (180,'WILLIAMSON','NWILLIAMSON4Z@DROPBOX.COM','MASCULINO','OUTDOORS','11/8/2008',76063,'ADMINISTRATIVE ASSISTANT II',6);
INSERT INTO FUNCIONARIOS VALUES (181,'SHAW','SSHAW50@INSTAGRAM.COM','FEMININO','JARDIM','5/2/2001',56923,'SOCIAL WORKER',2);
INSERT INTO FUNCIONARIOS VALUES (182,'GOMEZ','RGOMEZ51@BAIDU.COM','FEMININO','INDUSTRIAL','4/4/2009',76932,'LEGAL ASSISTANT',5);
INSERT INTO FUNCIONARIOS VALUES (183,'HARRISON','JHARRISON52@SCIENTIFICAMERICAN.COM','FEMININO','GAMES','8/3/2002',64410,'SENIOR DEVELOPER',2);
INSERT INTO FUNCIONARIOS VALUES (184,'WATSON','EWATSON53@LATIMES.COM','FEMININO','BOOKS','2/2/2008',111873,'PAYMENT ADJUSTMENT COORDINATOR',2);
INSERT INTO FUNCIONARIOS VALUES (185,'WATSON','RWATSON54@WEBEDEN.CO.UK','FEMININO','ROUPAS','9/22/2001',74648,'SAÚDE COACH III',2);
INSERT INTO FUNCIONARIOS VALUES (186,'LARSON','DLARSON55@TECHNORATI.COM','FEMININO','BRINQUEDOS','9/17/2011',144991,'TECHNICAL WRITER',7);
INSERT INTO FUNCIONARIOS VALUES (187,'GORDON','KGORDON56@TECHCRUNCH.COM','FEMININO','OUTDOORS','11/4/2005',107407,'SYSTEMS ADMINISTRATOR II',3);
INSERT INTO FUNCIONARIOS VALUES (188,'ROSE','EROSE57@GUARDIAN.CO.UK','MASCULINO','ALIMENTÍCIOS','3/17/2012',120225,'EDITOR',7);
INSERT INTO FUNCIONARIOS VALUES (189,'ANDERSON','BANDERSON58@WSJ.COM','MASCULINO','LAR','12/2/2014',122272,'ENVIRONMENTAL SPECIALIST',2);
INSERT INTO FUNCIONARIOS VALUES (190,'POWELL','HPOWELL59@GEOCITIES.COM','FEMININO','SAÚDE','11/13/2002',120577,'WEB DESIGNER III',1);
INSERT INTO FUNCIONARIOS VALUES (191,'WOODS','DWOODS5A@BUSINESSWIRE.COM','FEMININO','ELETRONICOS','4/29/2008',148986,'STRUCTURAL ANALYSIS ENGINEER',1);
INSERT INTO FUNCIONARIOS VALUES (192,'MORALES','JMORALES5B@JOOMLA.ORG','MASCULINO','GAMES','2/10/2000',101855,'ENGINEER IV',4);
INSERT INTO FUNCIONARIOS VALUES (193,'STANLEY','DSTANLEY5C@IS.GD','FEMININO','INDUSTRIAL','2/17/2006',140850,'FINANCIAL ANALYST',4);
INSERT INTO FUNCIONARIOS VALUES (194,'WAGNER','EWAGNER5D@CORNELL.EDU','MASCULINO','BRINQUEDOS','2/1/2006',142516,'PROFESSOR',1);
INSERT INTO FUNCIONARIOS VALUES (195,'MEYER','NMEYER5E@ABOUT.ME','MASCULINO','CALÇADOS','11/9/2012',48829,'ACCOUNTANT I',1);
INSERT INTO FUNCIONARIOS VALUES (196,'JACOBS','RJACOBS5F@ORACLE.COM','MASCULINO','OUTDOORS','9/16/2006',81270,'GEOLOGICAL ENGINEER',1);
INSERT INTO FUNCIONARIOS VALUES (197,'HAYES','JHAYES5G@JIATHIS.COM','FEMININO','BELEZA','1/3/2011',130097,'OFFICE ASSISTANT IV',5);
INSERT INTO FUNCIONARIOS VALUES (198,'SANDERS','ESANDERS5H@IHG.COM','FEMININO','INDUSTRIAL','1/24/2000',117905,'DENTAL HYGIENIST',4);
INSERT INTO FUNCIONARIOS VALUES (199,'REED','SREED5I@BLOGLOVIN.COM','FEMININO','CALÇADOS','11/12/2010',142483,'SOCIAL WORKER',3);
INSERT INTO FUNCIONARIOS VALUES (200,'GEORGE','MGEORGE5J@CDC.GOV','MASCULINO','FILMES','9/20/2004',89633,'SOFTWARE CONSULTANT',4);
INSERT INTO FUNCIONARIOS VALUES (201,'ANDREWS','JANDREWS5K@FREE.FR','MASCULINO','LAR','3/18/2009',48684,'NURSE PRACTICIONER',6);
INSERT INTO FUNCIONARIOS VALUES (202,'MORRIS','LMORRIS5L@PATCH.COM','FEMININO','AUTOMOTIVO','1/23/2004',91932,'ANALYST PROGRAMMER',1);
INSERT INTO FUNCIONARIOS VALUES (203,'MORENO','JMORENO5M@XING.COM','FEMININO','ALIMENTÍCIOS','10/7/2005',112004,'INTERNAL AUDITOR',7);
INSERT INTO FUNCIONARIOS VALUES (204,'POWELL','CPOWELL5N@COCOLOG-NIFTY.COM','FEMININO','BELEZA','9/25/2000',116013,'TAX ACCOUNTANT',4);
INSERT INTO FUNCIONARIOS VALUES (205,'GRAHAM','JGRAHAM5O@PRINTFRIENDLY.COM','FEMININO','GAMES','9/10/2008',109058,'CHEMICAL ENGINEER',7);
INSERT INTO FUNCIONARIOS VALUES (206,'RILEY','HRILEY5P@DAILYMOTION.COM','MASCULINO','BRINQUEDOS','5/6/2012',61992,'SALES REPRESENTATIVE',4);
INSERT INTO FUNCIONARIOS VALUES (207,'HARRIS','MHARRIS5Q@UTEXAS.EDU','FEMININO','FILMES','10/2/2008',129527,'STATISTICIAN II',2);
INSERT INTO FUNCIONARIOS VALUES (208,'GILBERT','RGILBERT5R@DOMAINMARKET.COM','FEMININO','ALIMENTÍCIOS','12/15/2001',67746,'DIRECTOR OF SALES',2);
INSERT INTO FUNCIONARIOS VALUES (209,'PETERSON','JPETERSON5S@T-ONLINE.DE','MASCULINO','BOOKS','3/14/2010',104530,'VP MARKETING',2);
INSERT INTO FUNCIONARIOS VALUES (210,'FOSTER','JFOSTER5T@ICQ.COM','FEMININO','MÚSICA','1/17/2008',42759,'SOCIAL WORKER',4);
INSERT INTO FUNCIONARIOS VALUES (211,'FOWLER','AFOWLER5U@PARALLELS.COM','FEMININO','CRIANÇAS','2/25/2011',43097,'ASSOCIATE PROFESSOR',2);
INSERT INTO FUNCIONARIOS VALUES (212,'MATTHEWS','FMATTHEWS5V@THEATLANTIC.COM','FEMININO','OUTDOORS','11/22/2005',123936,'INTERNAL AUDITOR',1);
INSERT INTO FUNCIONARIOS VALUES (213,'THOMAS','GTHOMAS5W@SLATE.COM','MASCULINO','FERRAMENTAS','11/28/2006',128239,'TEACHER',6);
INSERT INTO FUNCIONARIOS VALUES (214,'WEST','GWEST5X@HAO123.COM','MASCULINO','COMPUTADORES','10/31/2003',66084,'ELECTRICAL ENGINEER',6);
INSERT INTO FUNCIONARIOS VALUES (215,'STEVENS','ESTEVENS5Y@SALON.COM','MASCULINO','GAMES','3/14/2009',106729,'OCCUPATIONAL THERAPIST',5);
INSERT INTO FUNCIONARIOS VALUES (216,'HOWARD','DHOWARD5Z@SOUNDCLOUD.COM','MASCULINO','JOALHERIA','3/15/2009',87269,'GENERAL MANAGER',4);
INSERT INTO FUNCIONARIOS VALUES (217,'BOYD','MBOYD60@JIMDO.COM','MASCULINO','LAR','12/1/2004',128765,'SENIOR FINANCIAL ANALYST',2);
INSERT INTO FUNCIONARIOS VALUES (218,'ROSS','IROSS61@JIMDO.COM','MASCULINO','GAMES','5/25/2003',104671,'VP MARKETING',7);
INSERT INTO FUNCIONARIOS VALUES (219,'HARRISON','VHARRISON62@NETWORKADVERTISING.ORG','MASCULINO','CALÇADOS','5/1/2011',55073,'ASSISTANT PROFESSOR',4);
INSERT INTO FUNCIONARIOS VALUES (220,'ELLIS','LELLIS63@UCLA.EDU','FEMININO','OUTDOORS','11/21/2007',146256,'PARALEGAL',1);
INSERT INTO FUNCIONARIOS VALUES (221,'DIAZ','SDIAZ64@DISQUS.COM','FEMININO','LAR','1/15/2005',55077,'REGISTERED NURSE',7);
INSERT INTO FUNCIONARIOS VALUES (222,'SNYDER','ASNYDER65@SOUNDCLOUD.COM','FEMININO','ALIMENTÍCIOS','4/11/2011',124215,'RECRUITING MANAGER',2);
INSERT INTO FUNCIONARIOS VALUES (223,'GIBSON','BGIBSON66@LULU.COM','MASCULINO','COMPUTADORES','4/28/2008',105444,'HUMAN RESOURCES ASSISTANT II',6);
INSERT INTO FUNCIONARIOS VALUES (224,'HANSON','DHANSON67@CMU.EDU','FEMININO','ESPORTE','5/1/2010',141513,'FUNCIONARIOS ACCOUNTANT I',1);
INSERT INTO FUNCIONARIOS VALUES (225,'PETERSON','MPETERSON68@LAR.PL','FEMININO','CALÇADOS','3/13/2008',97623,'TECHNICAL WRITER',1);
INSERT INTO FUNCIONARIOS VALUES (226,'GONZALEZ','TGONZALEZ69@UMICH.EDU','MASCULINO','SAÚDE','11/12/2005',106833,'REGISTERED NURSE',7);
INSERT INTO FUNCIONARIOS VALUES (227,'RIVERA','CRIVERA6A@AMAZON.CO.JP','FEMININO','BELEZA','4/18/2006',69045,'ACCOUNTING ASSISTANT IV',2);
INSERT INTO FUNCIONARIOS VALUES (228,'WASHINGTON','CWASHINGTON6B@CARGOCOLLECTIVE.COM','MASCULINO','OUTDOORS','7/4/2008',113311,'PROGRAMMER III',2);
INSERT INTO FUNCIONARIOS VALUES (229,'RUIZ','LRUIZ6C@THETIMES.CO.UK','FEMININO','OUTDOORS','11/2/2013',116301,'DESIGN ENGINEER',3);
INSERT INTO FUNCIONARIOS VALUES (230,'FORD','SFORD6D@FLAVORS.ME','FEMININO','INDUSTRIAL','1/5/2006',138459,'GEOLOGICAL ENGINEER',1);
INSERT INTO FUNCIONARIOS VALUES (231,'DAY','LDAY6E@USGS.GOV','FEMININO','ROUPAS','7/3/2005',87800,'SALES ASSOCIATE',7);
INSERT INTO FUNCIONARIOS VALUES (232,'PETERSON','APETERSON6F@SINA.COM.CN','FEMININO','CRIANÇAS','5/27/2000',52572,'COMPENSATION ANALYST',7);
INSERT INTO FUNCIONARIOS VALUES (233,'GONZALEZ','RGONZALEZ6G@EUROPA.EU','MASCULINO','ELETRONICOS','4/24/2009',44917,'BIOSTATISTICIAN IV',5);
INSERT INTO FUNCIONARIOS VALUES (234,'WALKER','JWALKER6H@GOOGLE.ES','FEMININO','CALÇADOS','2/2/2010',110896,'ACCOUNTANT II',2);
INSERT INTO FUNCIONARIOS VALUES (235,'GRIFFIN','SGRIFFIN6I@123-REG.CO.UK','MASCULINO','BOOKS','12/22/2001',108970,'SENIOR COST ACCOUNTANT',2);
INSERT INTO FUNCIONARIOS VALUES (236,'TUCKER','JTUCKER6J@DAILYMAIL.CO.UK','MASCULINO','JOALHERIA','4/27/2009',83543,'PROGRAMMER II',5);
INSERT INTO FUNCIONARIOS VALUES (237,'ARMSTRONG','AARMSTRONG6K@REDCROSS.ORG','FEMININO','MÚSICA','7/14/2013',63598,'BUDGET/ACCOUNTING ANALYST II',1);
INSERT INTO FUNCIONARIOS VALUES (238,'GONZALES','CGONZALES6L@BERKELEY.EDU','MASCULINO','FILMES','4/6/2014',131274,'CLINICAL SPECIALIST',2);
INSERT INTO FUNCIONARIOS VALUES (239,'WILLIAMSON','JWILLIAMSON6M@ARIZONA.EDU','FEMININO','COMPUTADORES','2/16/2005',149085,'SOFTWARE ENGINEER III',7);
INSERT INTO FUNCIONARIOS VALUES (240,'SPENCER','WSPENCER6N@MARRIOTT.COM','MASCULINO','GAMES','9/21/2013',143223,'FUNCIONARIOS ACCOUNTANT IV',6);
INSERT INTO FUNCIONARIOS VALUES (241,'ROSE','JROSE6O@DION.NE.JP','FEMININO','ROUPAS','12/22/2010',107207,'WEB DEVELOPER II',3);
INSERT INTO FUNCIONARIOS VALUES (242,'ROBINSON','PROBINSON6P@UCLA.EDU','MASCULINO','SAÚDE','11/30/2003',137594,'OPERATOR',6);
INSERT INTO FUNCIONARIOS VALUES (243,'GUTIERREZ','KGUTIERREZ6Q@BRAVESITES.COM','MASCULINO','LAR','1/26/2006',139845,'DIRECTOR OF SALES',4);
INSERT INTO FUNCIONARIOS VALUES (244,'ALVAREZ','JALVAREZ6R@GEOCITIES.COM','FEMININO','ESPORTE','9/7/2012',65563,'HELP DESK TECHNICIAN',4);
INSERT INTO FUNCIONARIOS VALUES (245,'WEBB','SWEBB6S@PEOPLE.COM.CN','FEMININO','CRIANÇAS','1/2/2014',142988,'MARKETING MANAGER',6);
INSERT INTO FUNCIONARIOS VALUES (246,'ELLIS','TELLIS6T@SQUARESPACE.COM','FEMININO','INDUSTRIAL','1/22/2000',134074,'PRODUCT ENGINEER',6);
INSERT INTO FUNCIONARIOS VALUES (247,'ROMERO','JROMERO6U@CAFEPRESS.COM','MASCULINO','BRINQUEDOS','1/21/2010',80654,'GEOLOGICAL ENGINEER',2);
INSERT INTO FUNCIONARIOS VALUES (248,'WHITE','JWHITE6V@TRIPADVISOR.COM','MASCULINO','JARDIM','12/13/2005',118834,'FINANCIAL ANALYST',6);
INSERT INTO FUNCIONARIOS VALUES (249,'MILLER','JMILLER6W@BUSINESSWIRE.COM','MASCULINO','CRIANÇAS','3/3/2013',85559,'PHARMACIST',2);
INSERT INTO FUNCIONARIOS VALUES (250,'FOWLER','MFOWLER6X@GEOCITIES.JP','MASCULINO','BOOKS','9/15/2001',84049,'INFORMATION SYSTEMS MANAGER',5);
INSERT INTO FUNCIONARIOS VALUES (251,'DUNCAN','PDUNCAN6Y@SINA.COM.CN','FEMININO','JOALHERIA','1/16/2011',47439,'TAX ACCOUNTANT',7);
INSERT INTO FUNCIONARIOS VALUES (252,'JOHNSTON','JJOHNSTON6Z@IRS.GOV','MASCULINO','FERRAMENTAS','12/16/2000',87072,'STRUCTURAL ENGINEER',7);
INSERT INTO FUNCIONARIOS VALUES (253,'MARSHALL','MMARSHALL70@HIBU.COM','FEMININO','COMPUTADORES','5/12/2003',123401,'COMPUTER SYSTEMS ANALYST I',4);
INSERT INTO FUNCIONARIOS VALUES (254,'LAWRENCE','ALAWRENCE71@UNICEF.ORG','FEMININO','ALIMENTÍCIOS','4/2/2001',131681,'ACCOUNT EXECUTIVE',7);
INSERT INTO FUNCIONARIOS VALUES (255,'LYNCH','RLYNCH72@SITEMETER.COM','FEMININO','CRIANÇAS','8/29/2014',96118,'SOCIAL WORKER',5);
INSERT INTO FUNCIONARIOS VALUES (256,'STONE','GSTONE73@GOOGLE.ES','FEMININO','BOOKS','12/1/2006',87816,'ADMINISTRATIVE ASSISTANT I',2);
INSERT INTO FUNCIONARIOS VALUES (257,'FREEMAN','GFREEMAN74@BLOOMBERG.COM','FEMININO','LAR','6/5/2012',83804,'OPERATOR',1);
INSERT INTO FUNCIONARIOS VALUES (258,'SCHMIDT','DSCHMIDT75@SITEMETER.COM','MASCULINO','AUTOMOTIVO','10/26/2007',133612,'VP PRODUCT MANAGEMENT',4);
INSERT INTO FUNCIONARIOS VALUES (259,'WALLACE','GWALLACE76@TECHNORATI.COM','FEMININO','COMPUTADORES','4/14/2010',47007,'INTERNAL AUDITOR',3);
INSERT INTO FUNCIONARIOS VALUES (260,'FULLER','FFULLER77@USTREAM.TV','MASCULINO','SAÚDE','12/13/2005',142967,'GIS TECHNICAL ARCHITECT',5);
INSERT INTO FUNCIONARIOS VALUES (261,'BENNETT','JBENNETT78@SURVEYMONKEY.COM','FEMININO','CRIANÇAS','12/6/2011',71433,'FOOD CHEMIST',4);
INSERT INTO FUNCIONARIOS VALUES (262,'LEWIS','DLEWIS79@PARALLELS.COM','FEMININO','BELEZA','3/8/2000',74191,'BUSINESS SYSTEMS DEVELOPMENT ANALYST',1);
INSERT INTO FUNCIONARIOS VALUES (263,'SNYDER','DSNYDER7A@DIGG.COM','MASCULINO','FILMES','1/29/2005',109004,'ACCOUNT COORDINATOR',5);
INSERT INTO FUNCIONARIOS VALUES (264,'SANDERS','KSANDERS7B@PINTEREST.COM','MASCULINO','INDUSTRIAL','4/20/2014',102211,'SENIOR COST ACCOUNTANT',3);
INSERT INTO FUNCIONARIOS VALUES (265,'FOX','WFOX7C@YELP.COM','MASCULINO','COMPUTADORES','8/3/2000',75862,'ELECTRICAL ENGINEER',5);
INSERT INTO FUNCIONARIOS VALUES (266,'BURKE','CBURKE7D@AMEBLO.JP','MASCULINO','JOALHERIA','3/5/2000',61446,'ENVIRONMENTAL SPECIALIST',2);
INSERT INTO FUNCIONARIOS VALUES (267,'MURPHY','DMURPHY7E@PATCH.COM','MASCULINO','LAR','6/2/2011',146432,'VP QUALITY CONTROL',2);
INSERT INTO FUNCIONARIOS VALUES (268,'BOWMAN','HBOWMAN7F@REDDIT.COM','FEMININO','ALIMENTÍCIOS','2/18/2002',50623,'BIOSTATISTICIAN III',7);
INSERT INTO FUNCIONARIOS VALUES (269,'CUNNINGHAM','KCUNNINGHAM7G@SQUIDOO.COM','MASCULINO','OUTDOORS','12/11/2014',108248,'SAFETY TECHNICIAN I',3);
INSERT INTO FUNCIONARIOS VALUES (270,'TORRES','TTORRES7H@TELEGRAPH.CO.UK','FEMININO','AUTOMOTIVO','8/6/2005',120875,'SOFTWARE CONSULTANT',1);
INSERT INTO FUNCIONARIOS VALUES (271,'JORDAN','PJORDAN7I@SQUIDOO.COM','FEMININO','ESPORTE','8/7/2001',123843,'SENIOR SALES ASSOCIATE',7);
INSERT INTO FUNCIONARIOS VALUES (272,'BANKS','JBANKS7J@DION.NE.JP','MASCULINO','MÚSICA','5/16/2014',43940,'SAÚDE COACH I',2);
INSERT INTO FUNCIONARIOS VALUES (273,'GORDON','EGORDON7K@YELLOWBOOK.COM','FEMININO','FILMES','1/6/2013',142840,'ACCOUNT COORDINATOR',1);
INSERT INTO FUNCIONARIOS VALUES (274,'BENNETT','ABENNETT7L@GUARDIAN.CO.UK','MASCULINO','JARDIM','8/1/2006',125713,'ACCOUNT REPRESENTATIVE III',3);
INSERT INTO FUNCIONARIOS VALUES (275,'RIVERA','ARIVERA7M@COMCAST.NET','FEMININO','BOOKS','4/26/2010',122219,'ENGINEER I',6);
INSERT INTO FUNCIONARIOS VALUES (276,'ELLIS','DELLIS7N@SEESAA.NET','FEMININO','ELETRONICOS','5/21/2000',46259,'HELP DESK TECHNICIAN',6);
INSERT INTO FUNCIONARIOS VALUES (277,'RICHARDSON','LRICHARDSON7O@FC2.COM','FEMININO','ROUPAS','7/14/2003',142403,'ENGINEER III',3);
INSERT INTO FUNCIONARIOS VALUES (278,'ORTIZ','WORTIZ7P@REDDIT.COM','MASCULINO','JARDIM','1/26/2000',88165,'LIBRARIAN',4);
INSERT INTO FUNCIONARIOS VALUES (279,'CLARK','MCLARK7Q@PRIVACY.GOV.AU','MASCULINO','JARDIM','6/26/2007',86291,'DENTAL HYGIENIST',7);
INSERT INTO FUNCIONARIOS VALUES (280,'CHAVEZ','RCHAVEZ7R@YOUTU.BE','MASCULINO','CRIANÇAS','6/4/2008',139163,'LEGAL ASSISTANT',5);
INSERT INTO FUNCIONARIOS VALUES (281,'HOLMES','AHOLMES7S@LAST.FM','MASCULINO','MÚSICA','11/5/2006',48892,'ACCOUNTING ASSISTANT I',1);
INSERT INTO FUNCIONARIOS VALUES (282,'FOWLER','RFOWLER7T@AMEBLO.JP','FEMININO','OUTDOORS','12/24/2014',120540,'JUNIOR EXECUTIVE',6);
INSERT INTO FUNCIONARIOS VALUES (283,'GEORGE','AGEORGE7U@1UND1.DE','FEMININO','SAÚDE','3/13/2000',47450,'AUTOMATION SPECIALIST I',1);
INSERT INTO FUNCIONARIOS VALUES (284,'MURRAY','KMURRAY7V@CA.GOV','FEMININO','SAÚDE','8/25/2008',142255,'QUALITY ENGINEER',4);
INSERT INTO FUNCIONARIOS VALUES (285,'HUNTER','RHUNTER7W@BUZZFEED.COM','MASCULINO','JARDIM','8/16/2000',62441,'ENVIRONMENTAL SPECIALIST',3);
INSERT INTO FUNCIONARIOS VALUES (286,'LONG','ELONG7X@NYMAG.COM','FEMININO','GAMES','3/11/2007',142529,'LIBRARIAN',2);
INSERT INTO FUNCIONARIOS VALUES (287,'ANDREWS','TANDREWS7Y@YCOMBINATOR.COM','FEMININO','BELEZA','3/19/2010',142103,'ASSOCIATE PROFESSOR',4);
INSERT INTO FUNCIONARIOS VALUES (288,'MOORE','BMOORE7Z@TWITPIC.COM','MASCULINO','ELETRONICOS','8/11/2002',102395,'ACCOUNT COORDINATOR',6);
INSERT INTO FUNCIONARIOS VALUES (289,'SANDERS','CSANDERS80@BLOG.COM','MASCULINO','LAR','10/9/2009',44593,'ENGINEER III',2);
INSERT INTO FUNCIONARIOS VALUES (290,'CARTER','SCARTER81@CARGOCOLLECTIVE.COM','MASCULINO','ALIMENTÍCIOS','2/9/2007',120800,'ACCOUNTANT III',5);
INSERT INTO FUNCIONARIOS VALUES (291,'MORENO','RMORENO82@ALIBABA.COM','FEMININO','BOOKS','11/26/2003',121238,'SENIOR DEVELOPER',4);
INSERT INTO FUNCIONARIOS VALUES (292,'ORTIZ','DORTIZ83@THEMEFOREST.NET','FEMININO','AUTOMOTIVO','12/8/2011',91296,'ENVIRONMENTAL TECH',6);
INSERT INTO FUNCIONARIOS VALUES (293,'CASTILLO','PCASTILLO84@1688.COM','FEMININO','SAÚDE','8/24/2011',86070,'CLINICAL SPECIALIST',3);
INSERT INTO FUNCIONARIOS VALUES (294,'COOPER','ICOOPER85@W3.ORG','FEMININO','FILMES','1/31/2009',61519,'HUMAN RESOURCES ASSISTANT III',7);
INSERT INTO FUNCIONARIOS VALUES (295,'HARRIS','LHARRIS86@IBM.COM','FEMININO','BOOKS','9/20/2005',47131,'DEVELOPER IV',6);
INSERT INTO FUNCIONARIOS VALUES (296,'EDWARDS','AEDWARDS87@WEBEDEN.CO.UK','MASCULINO','CRIANÇAS','4/7/2008',93962,'FUNCIONARIOS SCIENTIST',3);
INSERT INTO FUNCIONARIOS VALUES (297,'HARRISON','NHARRISON88@IMAGESHACK.US','MASCULINO','CALÇADOS','11/12/2014',133845,'EXECUTIVE SECRETARY',4);
INSERT INTO FUNCIONARIOS VALUES (298,'BERRY','LBERRY89@GOV.UK','MASCULINO','ROUPAS','6/17/2010',43067,'RESEARCH ASSISTANT I',7);
INSERT INTO FUNCIONARIOS VALUES (299,'STEPHENS','CSTEPHENS8A@IMDB.COM','FEMININO','BELEZA','9/1/2001',88972,'PARALEGAL',7);
INSERT INTO FUNCIONARIOS VALUES (300,'ARNOLD','BARNOLD8B@THETIMES.CO.UK','MASCULINO','ROUPAS','11/15/2005',77635,'VP PRODUCT MANAGEMENT',3);
INSERT INTO FUNCIONARIOS VALUES (301,'MYERS','AMYERS8C@IBM.COM','MASCULINO','ALIMENTÍCIOS','5/16/2011',148993,'SPEECH PATHOLOGIST',1);
INSERT INTO FUNCIONARIOS VALUES (302,'JENKINS','RJENKINS8D@WUFOO.COM','FEMININO','FERRAMENTAS','8/15/2002',113599,'GEOLOGICAL ENGINEER',2);
INSERT INTO FUNCIONARIOS VALUES (303,'WEST','JWEST8E@BERKELEY.EDU','MASCULINO','ELETRONICOS','3/15/2012',76943,'GENERAL MANAGER',7);
INSERT INTO FUNCIONARIOS VALUES (304,'MCCOY','MMCCOY8F@WISC.EDU','FEMININO','BOOKS','5/26/2007',77486,'COMMUNITY OUTREACH SPECIALIST',4);
INSERT INTO FUNCIONARIOS VALUES (305,'JOHNSON','FJOHNSON8G@WIKIPEDIA.ORG','MASCULINO','ELETRONICOS','11/20/2013',135001,'RECRUITING MANAGER',4);
INSERT INTO FUNCIONARIOS VALUES (306,'SANDERS','SSANDERS8H@MTV.COM','MASCULINO','BEBÊS','11/10/2008',52171,'DATA COORDIATOR',2);
INSERT INTO FUNCIONARIOS VALUES (307,'CUNNINGHAM','ACUNNINGHAM8I@WIKIMEDIA.ORG','FEMININO','JARDIM','6/22/2006',139302,'ENGINEER IV',5);
INSERT INTO FUNCIONARIOS VALUES (308,'LYNCH','SLYNCH8J@123-REG.CO.UK','FEMININO','SAÚDE','8/9/2000',126683,'LIBRARIAN',4);
INSERT INTO FUNCIONARIOS VALUES (309,'RILEY','DRILEY8K@DELL.COM','MASCULINO','ESPORTE','7/4/2006',143781,'PRODUCT ENGINEER',4);
INSERT INTO FUNCIONARIOS VALUES (310,'RAY','ARAY8L@CBC.CA','MASCULINO','BOOKS','3/5/2008',51761,'COST ACCOUNTANT',5);
INSERT INTO FUNCIONARIOS VALUES (311,'LANE','PLANE8M@PBS.ORG','MASCULINO','CALÇADOS','5/26/2011',45463,'MARKETING MANAGER',5);
INSERT INTO FUNCIONARIOS VALUES (312,'JORDAN','PJORDAN8N@ADOBE.COM','FEMININO','ROUPAS','11/15/2003',133498,'NUCLEAR POWER ENGINEER',7);
INSERT INTO FUNCIONARIOS VALUES (313,'GIBSON','BGIBSON8O@PEN.IO','FEMININO','LAR','3/21/2011',81273,'SAÚDE COACH II',4);
INSERT INTO FUNCIONARIOS VALUES (314,'ELLIOTT','TELLIOTT8P@MOZILLA.ORG','MASCULINO','COMPUTADORES','2/27/2008',77921,'ENVIRONMENTAL SPECIALIST',7);
INSERT INTO FUNCIONARIOS VALUES (315,'SMITH','BSMITH8Q@MYSQL.COM','MASCULINO','GAMES','7/25/2012',59580,'GENERAL MANAGER',2);
INSERT INTO FUNCIONARIOS VALUES (316,'PETERS','CPETERS8R@EPA.GOV','MASCULINO','ESPORTE','9/16/2010',40418,'VP MARKETING',2);
INSERT INTO FUNCIONARIOS VALUES (317,'TUCKER','HTUCKER8S@PHOTOBUCKET.COM','MASCULINO','ALIMENTÍCIOS','8/5/2004',104844,'STRUCTURAL ANALYSIS ENGINEER',3);
INSERT INTO FUNCIONARIOS VALUES (318,'MOORE','JMOORE8T@UMICH.EDU','MASCULINO','COMPUTADORES','4/27/2003',139304,'HELP DESK TECHNICIAN',3);
INSERT INTO FUNCIONARIOS VALUES (319,'CRAWFORD','MCRAWFORD8U@PARALLELS.COM','FEMININO','LAR','12/20/2011',140996,'SOFTWARE ENGINEER IV',3);
INSERT INTO FUNCIONARIOS VALUES (320,'GILBERT','EGILBERT8V@NYDAILYNEWS.COM','MASCULINO','JARDIM','4/12/2010',52430,'ASSISTANT MEDIA PLANNER',5);
INSERT INTO FUNCIONARIOS VALUES (321,'WHEELER','JWHEELER8W@WHITEHOUSE.GOV','FEMININO','BOOKS','8/24/2001',145284,'INFORMATION SYSTEMS MANAGER',7);
INSERT INTO FUNCIONARIOS VALUES (322,'MARSHALL','JMARSHALL8X@VA.GOV','MASCULINO','COMPUTADORES','11/7/2013',66063,'WEB DESIGNER III',2);
INSERT INTO FUNCIONARIOS VALUES (323,'ROBINSON','RROBINSON8Y@BUSINESSINSIDER.COM','MASCULINO','ELETRONICOS','4/10/2008',134422,'OCCUPATIONAL THERAPIST',4);
INSERT INTO FUNCIONARIOS VALUES (324,'STEVENS','ASTEVENS8Z@SI.EDU','FEMININO','COMPUTADORES','5/19/2012',106229,'RESEARCH ASSOCIATE',4);
INSERT INTO FUNCIONARIOS VALUES (325,'WRIGHT','KWRIGHT90@BUZZFEED.COM','FEMININO','ROUPAS','5/13/2012',107727,'COMPUTER SYSTEMS ANALYST I',2);
INSERT INTO FUNCIONARIOS VALUES (326,'CASTILLO','BCASTILLO91@HC360.COM','FEMININO','JOALHERIA','12/12/2007',130188,'SOCIAL WORKER',3);
INSERT INTO FUNCIONARIOS VALUES (327,'EDWARDS','MEDWARDS92@MAIL.RU','MASCULINO','AUTOMOTIVO','10/4/2002',140194,'PROGRAMMER IV',5);
INSERT INTO FUNCIONARIOS VALUES (328,'HANSON','BHANSON93@BLINKLIST.COM','FEMININO','COMPUTADORES','1/6/2005',58719,'MEDIA MANAGER I',4);
INSERT INTO FUNCIONARIOS VALUES (329,'MCCOY','HMCCOY94@MIITBEIAN.GOV.CN','FEMININO','CALÇADOS','7/27/2004',86803,'ADMINISTRATIVE ASSISTANT III',4);
INSERT INTO FUNCIONARIOS VALUES (330,'DUNN','CDUNN95@FT.COM','MASCULINO','INDUSTRIAL','6/23/2010',68334,'ADMINISTRATIVE OFFICER',7);
INSERT INTO FUNCIONARIOS VALUES (331,'HUDSON','JHUDSON96@THETIMES.CO.UK','FEMININO','ESPORTE','12/23/2008',91906,'FOOD CHEMIST',4);
INSERT INTO FUNCIONARIOS VALUES (332,'GARZA','LGARZA97@BING.COM','FEMININO','GAMES','12/20/2006',48064,'OFFICE ASSISTANT II',5);
INSERT INTO FUNCIONARIOS VALUES (333,'GARZA','PGARZA98@GO.COM','MASCULINO','INDUSTRIAL','6/30/2004',75281,'DATA COORDIATOR',7);
INSERT INTO FUNCIONARIOS VALUES (334,'MILLS','FMILLS99@AMEBLO.JP','MASCULINO','INDUSTRIAL','3/24/2009',91659,'VP ACCOUNTING',4);
INSERT INTO FUNCIONARIOS VALUES (335,'GILBERT','PGILBERT9A@WILEY.COM','FEMININO','ESPORTE','10/3/2001',52792,'PHARMACIST',2);
INSERT INTO FUNCIONARIOS VALUES (336,'CAMPBELL','PCAMPBELL9B@ISTOCKPHOTO.COM','FEMININO','LAR','8/30/2001',40415,'FOOD CHEMIST',4);
INSERT INTO FUNCIONARIOS VALUES (337,'SPENCER','DSPENCER9C@ED.GOV','MASCULINO','FILMES','6/16/2008',83256,'SENIOR EDITOR',5);
INSERT INTO FUNCIONARIOS VALUES (338,'GARRETT','KGARRETT9D@WORDPRESS.COM','FEMININO','ELETRONICOS','12/30/2012',145181,'PROGRAMMER ANALYST III',1);
INSERT INTO FUNCIONARIOS VALUES (339,'HUDSON','RHUDSON9E@GEOCITIES.COM','FEMININO','JOALHERIA','7/23/2004',78294,'SOFTWARE CONSULTANT',4);
INSERT INTO FUNCIONARIOS VALUES (340,'WILLIAMS','JWILLIAMS9F@CANALBLOG.COM','MASCULINO','ELETRONICOS','7/3/2007',90120,'BIOSTATISTICIAN I',2);
INSERT INTO FUNCIONARIOS VALUES (341,'ELLIS','CELLIS9G@IBM.COM','MASCULINO','LAR','9/24/2008',80284,'VP ACCOUNTING',3);
INSERT INTO FUNCIONARIOS VALUES (342,'CARROLL','SCARROLL9H@YELLOWBOOK.COM','FEMININO','CALÇADOS','7/26/2009',85511,'BUSINESS SYSTEMS DEVELOPMENT ANALYST',5);
INSERT INTO FUNCIONARIOS VALUES (343,'LONG','ALONG9I@OCN.NE.JP','FEMININO','BRINQUEDOS','6/13/2008',40138,'PAYMENT ADJUSTMENT COORDINATOR',6);
INSERT INTO FUNCIONARIOS VALUES (344,'OWENS','EOWENS9J@SKYROCK.COM','MASCULINO','BOOKS','6/17/2010',42714,'ELECTRICAL ENGINEER',7);
INSERT INTO FUNCIONARIOS VALUES (345,'PEREZ','JPEREZ9K@BLOGLINES.COM','MASCULINO','MÚSICA','6/21/2005',65767,'PROGRAMMER ANALYST I',4);
INSERT INTO FUNCIONARIOS VALUES (346,'FREEMAN','LFREEMAN9L@CPANEL.NET','FEMININO','CRIANÇAS','2/13/2013',149351,'DESIGN ENGINEER',7);
INSERT INTO FUNCIONARIOS VALUES (347,'FRAZIER','DFRAZIER9M@AMAZON.CO.UK','FEMININO','FERRAMENTAS','1/3/2012',88470,'ASSOCIATE PROFESSOR',1);
INSERT INTO FUNCIONARIOS VALUES (348,'THOMAS','ATHOMAS9N@ANSWERS.COM','FEMININO','ELETRONICOS','11/26/2009',90317,'SAÚDE COACH I',4);
INSERT INTO FUNCIONARIOS VALUES (349,'CRAWFORD','ACRAWFORD9O@CPANEL.NET','MASCULINO','JARDIM','10/10/2012',142149,'COMPENSATION ANALYST',2);
INSERT INTO FUNCIONARIOS VALUES (350,'HAWKINS','AHAWKINS9P@HUD.GOV','MASCULINO','ELETRONICOS','5/21/2000',144073,'PROGRAMMER I',1);
INSERT INTO FUNCIONARIOS VALUES (351,'FULLER','JFULLER9Q@MERRIAM-WEBSTER.COM','FEMININO','BOOKS','8/17/2001',54410,'PROGRAMMER ANALYST II',7);
INSERT INTO FUNCIONARIOS VALUES (352,'MORENO','SMORENO9R@SLATE.COM','MASCULINO','LAR','6/28/2000',107907,'FINANCIAL ADVISOR',5);
INSERT INTO FUNCIONARIOS VALUES (353,'GONZALES','JGONZALES9S@SOURCEFORGE.NET','FEMININO','LAR','7/10/2010',91249,'MECHANICAL SYSTEMS ENGINEER',2);
INSERT INTO FUNCIONARIOS VALUES (354,'HUDSON','SHUDSON9T@SHAREASALE.COM','MASCULINO','OUTDOORS','12/20/2005',78478,'COMPENSATION ANALYST',5);
INSERT INTO FUNCIONARIOS VALUES (355,'MURRAY','CMURRAY9U@REVERBNATION.COM','MASCULINO','ESPORTE','7/7/2005',48812,'HUMAN RESOURCES ASSISTANT III',7);
INSERT INTO FUNCIONARIOS VALUES (356,'STEPHENS','ESTEPHENS9V@BBC.CO.UK','FEMININO','ALIMENTÍCIOS','4/27/2000',147440,'SALES ASSOCIATE',2);
INSERT INTO FUNCIONARIOS VALUES (357,'REYNOLDS','DREYNOLDS9W@ANGELFIRE.COM','MASCULINO','OUTDOORS','5/18/2003',87978,'SENIOR FINANCIAL ANALYST',1);
INSERT INTO FUNCIONARIOS VALUES (358,'GUTIERREZ','JGUTIERREZ9X@TELEGRAPH.CO.UK','MASCULINO','AUTOMOTIVO','6/17/2002',67800,'DESKTOP SUPPORT TECHNICIAN',2);
INSERT INTO FUNCIONARIOS VALUES (359,'TUCKER','GTUCKER9Y@INSTAGRAM.COM','MASCULINO','BEBÊS','5/14/2010',42944,'TAX ACCOUNTANT',3);
INSERT INTO FUNCIONARIOS VALUES (360,'JENKINS','JJENKINS9Z@W3.ORG','FEMININO','AUTOMOTIVO','7/18/2004',84356,'MARKETING ASSISTANT',2);
INSERT INTO FUNCIONARIOS VALUES (361,'RICE','DRICEA0@HUBPAGES.COM','FEMININO','JARDIM','12/6/2006',144724,'SENIOR QUALITY ENGINEER',7);
INSERT INTO FUNCIONARIOS VALUES (362,'BURKE','JBURKEA1@MAYOCLINIC.COM','MASCULINO','ALIMENTÍCIOS','9/8/2003',147290,'ANALYST PROGRAMMER',6);
INSERT INTO FUNCIONARIOS VALUES (363,'HALL','JHALLA2@PRWEB.COM','MASCULINO','AUTOMOTIVO','12/28/2001',83177,'COMMUNITY OUTREACH SPECIALIST',3);
INSERT INTO FUNCIONARIOS VALUES (364,'RYAN','RRYANA3@TWITTER.COM','MASCULINO','SAÚDE','5/31/2014',83252,'CIVIL ENGINEER',3);
INSERT INTO FUNCIONARIOS VALUES (365,'GONZALES','JGONZALESA4@CPANEL.NET','MASCULINO','ROUPAS','8/30/2000',127393,'HELP DESK TECHNICIAN',7);
INSERT INTO FUNCIONARIOS VALUES (366,'JACOBS','BJACOBSA5@DOMAINMARKET.COM','MASCULINO','INDUSTRIAL','1/29/2006',67186,'RESEARCH NURSE',1);
INSERT INTO FUNCIONARIOS VALUES (367,'RAMOS','JRAMOSA6@CDBABY.COM','FEMININO','BELEZA','3/5/2002',102361,'COMPUTER SYSTEMS ANALYST III',5);
INSERT INTO FUNCIONARIOS VALUES (368,'RIVERA','DRIVERAA7@TYPEPAD.COM','FEMININO','CRIANÇAS','8/15/2001',60688,'PARALEGAL',1);
INSERT INTO FUNCIONARIOS VALUES (369,'LAWRENCE','LLAWRENCEA8@MOZILLA.COM','FEMININO','ELETRONICOS','4/24/2013',44704,'DATA COORDIATOR',2);
INSERT INTO FUNCIONARIOS VALUES (370,'AUSTIN','EAUSTINA9@ANSWERS.COM','MASCULINO','LAR','1/9/2002',110627,'TEACHER',7);
INSERT INTO FUNCIONARIOS VALUES (371,'SIMS','BSIMSAA@PRIVACY.GOV.AU','MASCULINO','ESPORTE','6/4/2000',127223,'OPERATOR',5);
INSERT INTO FUNCIONARIOS VALUES (372,'HARPER','RHARPERAB@CHINA.COM.CN','FEMININO','CRIANÇAS','8/31/2001',96163,'SAFETY TECHNICIAN IV',3);
INSERT INTO FUNCIONARIOS VALUES (373,'SIMS','JSIMSAC@A8.NET','MASCULINO','JOALHERIA','4/24/2012',86524,'DEVELOPER IV',5);
INSERT INTO FUNCIONARIOS VALUES (374,'MCDONALD','JMCDONALDAD@SBWIRE.COM','FEMININO','BEBÊS','9/19/2005',141464,'PROGRAMMER IV',4);
INSERT INTO FUNCIONARIOS VALUES (375,'HUDSON','MHUDSONAE@IHG.COM','FEMININO','INDUSTRIAL','8/27/2014',88029,'HELP DESK OPERATOR',4);
INSERT INTO FUNCIONARIOS VALUES (376,'HARPER','CHARPERAF@GOOGLE.PL','MASCULINO','LAR','3/21/2007',47281,'VP QUALITY CONTROL',6);
INSERT INTO FUNCIONARIOS VALUES (377,'ALEXANDER','VALEXANDERAG@AMAZON.CO.UK','FEMININO','ELETRONICOS','1/15/2002',93245,'FUNCIONARIOS SCIENTIST',1);
INSERT INTO FUNCIONARIOS VALUES (378,'NICHOLS','BNICHOLSAH@NETWORKADVERTISING.ORG','MASCULINO','AUTOMOTIVO','7/30/2012',110589,'COST ACCOUNTANT',7);
INSERT INTO FUNCIONARIOS VALUES (379,'HICKS','GHICKSAI@WEIBO.COM','MASCULINO','JOALHERIA','4/3/2003',63735,'VP ACCOUNTING',6);
INSERT INTO FUNCIONARIOS VALUES (380,'TURNER','BTURNERAJ@SAMSUNG.COM','FEMININO','INDUSTRIAL','11/23/2013',91182,'COMPENSATION ANALYST',5);
INSERT INTO FUNCIONARIOS VALUES (381,'WELCH','DWELCHAK@PRINTFRIENDLY.COM','MASCULINO','MÚSICA','9/9/2012',133007,'SOFTWARE TEST ENGINEER I',7);
INSERT INTO FUNCIONARIOS VALUES (382,'PAYNE','JPAYNEAL@COMSENZ.COM','FEMININO','LAR','8/10/2012',92879,'NURSE',2);
INSERT INTO FUNCIONARIOS VALUES (383,'YOUNG','PYOUNGAM@THEGUARDIAN.COM','MASCULINO','ROUPAS','12/10/2002',104079,'SYSTEMS ADMINISTRATOR IV',4);
INSERT INTO FUNCIONARIOS VALUES (384,'BUTLER','DBUTLERAN@EVENTBRITE.COM','FEMININO','BELEZA','11/1/2005',63918,'STRUCTURAL ENGINEER',4);
INSERT INTO FUNCIONARIOS VALUES (385,'CARROLL','ECARROLLAO@NEWSVINE.COM','FEMININO','AUTOMOTIVO','5/2/2011',128885,'OFFICE ASSISTANT III',5);
INSERT INTO FUNCIONARIOS VALUES (386,'GRIFFIN','TGRIFFINAP@REDDIT.COM','MASCULINO','GAMES','2/27/2011',140567,'RESEARCH ASSOCIATE',2);
INSERT INTO FUNCIONARIOS VALUES (387,'BURKE','MBURKEAQ@360.CN','FEMININO','JARDIM','8/9/2003',95726,'REGISTERED NURSE',4);
INSERT INTO FUNCIONARIOS VALUES (388,'KELLEY','AKELLEYAR@LIST-MANAGE.COM','FEMININO','MÚSICA','1/24/2008',84261,'SENIOR EDITOR',5);
INSERT INTO FUNCIONARIOS VALUES (389,'ORTIZ','GORTIZAS@W3.ORG','MASCULINO','BEBÊS','6/22/2013',42924,'MARKETING ASSISTANT',2);
INSERT INTO FUNCIONARIOS VALUES (390,'OLSON','AOLSONAT@CPANEL.NET','MASCULINO','COMPUTADORES','9/14/2008',86670,'WEB DESIGNER II',2);
INSERT INTO FUNCIONARIOS VALUES (391,'WHITE','CWHITEAU@AMAZON.DE','FEMININO','ROUPAS','11/4/2003',147702,'VP QUALITY CONTROL',4);
INSERT INTO FUNCIONARIOS VALUES (392,'PETERS','APETERSAV@LOC.GOV','FEMININO','BELEZA','2/2/2013',132470,'DATABASE ADMINISTRATOR II',6);
INSERT INTO FUNCIONARIOS VALUES (393,'SULLIVAN','KSULLIVANAW@SLIDESHARE.NET','FEMININO','MÚSICA','9/11/2000',63341,'RESEARCH ASSOCIATE',7);
INSERT INTO FUNCIONARIOS VALUES (394,'WASHINGTON','RWASHINGTONAX@GMPG.ORG','FEMININO','BELEZA','10/23/2002',91651,'FUNCIONARIOS ACCOUNTANT III',4);
INSERT INTO FUNCIONARIOS VALUES (395,'WARD','JWARDAY@QUANTCAST.COM','MASCULINO','BEBÊS','9/11/2013',48927,'SALES REPRESENTATIVE',6);
INSERT INTO FUNCIONARIOS VALUES (396,'KELLY','BKELLYAZ@BANDCAMP.COM','FEMININO','CRIANÇAS','11/17/2013',143433,'WEB DEVELOPER II',1);
INSERT INTO FUNCIONARIOS VALUES (397,'MARTIN','HMARTINB0@HOMESTEAD.COM','MASCULINO','BRINQUEDOS','10/2/2006',81998,'PRODUCT ENGINEER',5);
INSERT INTO FUNCIONARIOS VALUES (398,'COOPER','SCOOPERB1@CMU.EDU','FEMININO','LAR','5/8/2001',68584,'QUALITY ENGINEER',2);
INSERT INTO FUNCIONARIOS VALUES (399,'HOLMES','JHOLMESB2@UOL.COM.BR','FEMININO','COMPUTADORES','7/4/2009',88216,'ACCOUNTANT III',3);
INSERT INTO FUNCIONARIOS VALUES (400,'HARRISON','JHARRISONB3@GOOGLE.DE','MASCULINO','SAÚDE','12/24/2011',86046,'NUCLEAR POWER ENGINEER',5);
INSERT INTO FUNCIONARIOS VALUES (401,'PARKER','JPARKERB4@MIT.EDU','FEMININO','OUTDOORS','3/5/2008',148906,'PROJECT MANAGER',5);
INSERT INTO FUNCIONARIOS VALUES (402,'MARSHALL','EMARSHALLB5@YAHOO.CO.JP','FEMININO','ROUPAS','11/10/2007',93266,'RECRUITER',7);
INSERT INTO FUNCIONARIOS VALUES (403,'CHAPMAN','SCHAPMANB6@NHS.UK','FEMININO','LAR','3/9/2002',69702,'FOOD CHEMIST',1);
INSERT INTO FUNCIONARIOS VALUES (404,'HARVEY','AHARVEYB7@WHO.INT','FEMININO','OUTDOORS','12/28/2010',43366,'ADMINISTRATIVE ASSISTANT IV',4);
INSERT INTO FUNCIONARIOS VALUES (405,'MORGAN','DMORGANB8@MOONFRUIT.COM','MASCULINO','INDUSTRIAL','5/19/2005',101945,'WEB DEVELOPER I',2);
INSERT INTO FUNCIONARIOS VALUES (406,'FOSTER','PFOSTERB9@INTEL.COM','MASCULINO','BRINQUEDOS','2/1/2003',54007,'GEOLOGICAL ENGINEER',5);
INSERT INTO FUNCIONARIOS VALUES (407,'VASQUEZ','JVASQUEZBA@DION.NE.JP','MASCULINO','BEBÊS','4/9/2013',54704,'ANALOG CIRCUIT DESIGN MANAGER',3);
INSERT INTO FUNCIONARIOS VALUES (408,'MOORE','JMOOREBB@LIVEINTERNET.RU','FEMININO','COMPUTADORES','11/13/2007',93954,'PROJECT MANAGER',5);
INSERT INTO FUNCIONARIOS VALUES (409,'WILLIAMS','SWILLIAMSBC@BING.COM','FEMININO','LAR','4/22/2007',58235,'ANALOG CIRCUIT DESIGN MANAGER',6);
INSERT INTO FUNCIONARIOS VALUES (410,'HARRIS','LHARRISBD@OW.LY','FEMININO','FERRAMENTAS','1/7/2012',148940,'SENIOR FINANCIAL ANALYST',6);
INSERT INTO FUNCIONARIOS VALUES (411,'HAYES','CHAYESBE@USNEWS.COM','MASCULINO','CRIANÇAS','4/9/2003',110615,'PARALEGAL',6);
INSERT INTO FUNCIONARIOS VALUES (412,'VASQUEZ','JVASQUEZBF@DAILYMAIL.CO.UK','MASCULINO','JOALHERIA','1/14/2012',94596,'WEB DEVELOPER I',1);
INSERT INTO FUNCIONARIOS VALUES (413,'BROOKS','LBROOKSBG@STORIFY.COM','FEMININO','SAÚDE','9/19/2008',94502,'EXECUTIVE SECRETARY',1);
INSERT INTO FUNCIONARIOS VALUES (414,'PETERSON','EPETERSONBH@REVERBNATION.COM','MASCULINO','GAMES','8/10/2011',72505,'REGISTERED NURSE',3);
INSERT INTO FUNCIONARIOS VALUES (415,'HOLMES','DHOLMESBI@JUGEM.JP','MASCULINO','BRINQUEDOS','6/18/2001',147150,'ANALOG CIRCUIT DESIGN MANAGER',6);
INSERT INTO FUNCIONARIOS VALUES (416,'BUTLER','DBUTLERBJ@WIX.COM','FEMININO','BELEZA','2/9/2002',66313,'FOOD CHEMIST',5);
INSERT INTO FUNCIONARIOS VALUES (417,'HANSON','SHANSONBK@TED.COM','MASCULINO','ELETRONICOS','11/4/2002',97372,'SYSTEMS ADMINISTRATOR I',6);
INSERT INTO FUNCIONARIOS VALUES (418,'MORALES','DMORALESBL@MIT.EDU','FEMININO','LAR','10/2/2013',149598,'VP PRODUCT MANAGEMENT',3);
INSERT INTO FUNCIONARIOS VALUES (419,'DIXON','JDIXONBM@INDIATIMES.COM','MASCULINO','SAÚDE','2/22/2008',104224,'CLINICAL SPECIALIST',5);
INSERT INTO FUNCIONARIOS VALUES (420,'HENRY','HHENRYBN@PRIVACY.GOV.AU','FEMININO','FERRAMENTAS','9/24/2007',95583,'CIVIL ENGINEER',2);
INSERT INTO FUNCIONARIOS VALUES (421,'HARPER','RHARPERBO@WEBEDEN.CO.UK','FEMININO','MÚSICA','1/5/2001',92043,'ASSISTANT MANAGER',3);
INSERT INTO FUNCIONARIOS VALUES (422,'TORRES','CTORRESBP@YAHOO.COM','FEMININO','COMPUTADORES','9/17/2009',118307,'FUNCIONARIOS ACCOUNTANT II',1);
INSERT INTO FUNCIONARIOS VALUES (423,'WALKER','AWALKERBQ@WSJ.COM','FEMININO','JOALHERIA','5/11/2011',145281,'VP ACCOUNTING',4);
INSERT INTO FUNCIONARIOS VALUES (424,'BERRY','JBERRYBR@DISCUZ.NET','FEMININO','LAR','8/20/2013',148640,'INTERNAL AUDITOR',4);
INSERT INTO FUNCIONARIOS VALUES (425,'CARPENTER','LCARPENTERBS@XREA.COM','FEMININO','COMPUTADORES','9/7/2000',125523,'FINANCIAL ADVISOR',7);
INSERT INTO FUNCIONARIOS VALUES (426,'GRAHAM','TGRAHAMBT@MEDIAFIRE.COM','MASCULINO','CRIANÇAS','1/12/2009',49503,'OCCUPATIONAL THERAPIST',5);
INSERT INTO FUNCIONARIOS VALUES (427,'CLARK','ACLARKBU@NPR.ORG','FEMININO','ESPORTE','9/10/2000',146611,'SYSTEMS ADMINISTRATOR III',7);
INSERT INTO FUNCIONARIOS VALUES (428,'SCHMIDT','RSCHMIDTBV@TUMBLR.COM','FEMININO','ESPORTE','2/8/2012',125465,'TEACHER',1);
INSERT INTO FUNCIONARIOS VALUES (429,'ORTIZ','JORTIZBW@T.CO','FEMININO','ROUPAS','1/23/2003',75024,'STRUCTURAL ANALYSIS ENGINEER',6);
INSERT INTO FUNCIONARIOS VALUES (430,'HALL','EHALLBX@GOOGLE.COM.BR','MASCULINO','ESPORTE','10/25/2011',60793,'REGISTERED NURSE',7);
INSERT INTO FUNCIONARIOS VALUES (431,'BISHOP','KBISHOPBY@LOC.GOV','FEMININO','FERRAMENTAS','6/6/2010',110744,'ACCOUNTANT I',2);
INSERT INTO FUNCIONARIOS VALUES (432,'MURPHY','NMURPHYBZ@JIATHIS.COM','FEMININO','JOALHERIA','8/21/2006',46653,'REGISTERED NURSE',4);
INSERT INTO FUNCIONARIOS VALUES (433,'PARKER','DPARKERC0@WEBEDEN.CO.UK','MASCULINO','GAMES','5/4/2014',114919,'DATABASE ADMINISTRATOR III',7);
INSERT INTO FUNCIONARIOS VALUES (434,'LEE','RLEEC1@IBM.COM','FEMININO','COMPUTADORES','7/24/2000',98733,'PAYMENT ADJUSTMENT COORDINATOR',4);
INSERT INTO FUNCIONARIOS VALUES (435,'ELLIS','KELLISC2@CAFEPRESS.COM','FEMININO','SAÚDE','8/23/2008',139775,'CHEMICAL ENGINEER',1);
INSERT INTO FUNCIONARIOS VALUES (436,'BISHOP','ABISHOPC3@E-RECHT24.DE','FEMININO','JOALHERIA','5/10/2005',69559,'PROGRAMMER ANALYST III',3);
INSERT INTO FUNCIONARIOS VALUES (437,'ROBERTS','AROBERTSC4@BUSINESSWEEK.COM','MASCULINO','FILMES','7/10/2007',48934,'ELECTRICAL ENGINEER',6);
INSERT INTO FUNCIONARIOS VALUES (438,'MORENO','BMORENOC5@ADDTOANY.COM','MASCULINO','ALIMENTÍCIOS','4/25/2014',79980,'RECRUITER',5);
INSERT INTO FUNCIONARIOS VALUES (439,'BOYD','EBOYDC6@UNC.EDU','MASCULINO','ROUPAS','4/1/2002',108854,'SENIOR EDITOR',4);
INSERT INTO FUNCIONARIOS VALUES (440,'MURPHY','AMURPHYC7@WIKIA.COM','MASCULINO','BOOKS','1/23/2007',128105,'HELP DESK TECHNICIAN',7);
INSERT INTO FUNCIONARIOS VALUES (441,'BAILEY','JBAILEYC8@NEWSVINE.COM','MASCULINO','BOOKS','6/10/2008',71676,'GIS TECHNICAL ARCHITECT',4);
INSERT INTO FUNCIONARIOS VALUES (442,'BRYANT','JBRYANTC9@ZDNET.COM','FEMININO','MÚSICA','9/11/2007',139347,'DATA COORDIATOR',1);
INSERT INTO FUNCIONARIOS VALUES (443,'POWELL','CPOWELLCA@SAMSUNG.COM','FEMININO','INDUSTRIAL','2/28/2002',80491,'GIS TECHNICAL ARCHITECT',7);
INSERT INTO FUNCIONARIOS VALUES (444,'FERGUSON','JFERGUSONCB@SPHINN.COM','FEMININO','FERRAMENTAS','12/30/2010',119385,'ASSISTANT MEDIA PLANNER',4);
INSERT INTO FUNCIONARIOS VALUES (445,'GREENE','DGREENECC@REUTERS.COM','MASCULINO','BRINQUEDOS','3/23/2002',149835,'GEOLOGIST III',1);
INSERT INTO FUNCIONARIOS VALUES (446,'KENNEDY','PKENNEDYCD@GOOGLE.CN','FEMININO','SAÚDE','12/2/2008',80137,'BUSINESS SYSTEMS DEVELOPMENT ANALYST',2);
INSERT INTO FUNCIONARIOS VALUES (447,'BROOKS','CBROOKSCE@WASHINGTONPOST.COM','MASCULINO','LAR','8/25/2000',79724,'DEVELOPER IV',7);
INSERT INTO FUNCIONARIOS VALUES (448,'BROOKS','JBROOKSCF@UCLA.EDU','MASCULINO','BOOKS','6/25/2009',102458,'OCCUPATIONAL THERAPIST',1);
INSERT INTO FUNCIONARIOS VALUES (449,'GRAY','TGRAYCG@FOTKI.COM','FEMININO','ROUPAS','4/20/2014',134205,'BIOSTATISTICIAN I',4);
INSERT INTO FUNCIONARIOS VALUES (450,'MORGAN','KMORGANCH@REDDIT.COM','FEMININO','BELEZA','5/21/2004',76052,'TECHNICAL WRITER',5);
INSERT INTO FUNCIONARIOS VALUES (451,'ROBINSON','AROBINSONCI@MAPY.CZ','FEMININO','MÚSICA','11/17/2004',144608,'RESEARCH ASSOCIATE',4);
INSERT INTO FUNCIONARIOS VALUES (452,'KENNEDY','CKENNEDYCJ@BOSTON.COM','FEMININO','BRINQUEDOS','5/10/2000',111072,'SENIOR QUALITY ENGINEER',4);
INSERT INTO FUNCIONARIOS VALUES (453,'ANDERSON','AANDERSONCK@WHITEHOUSE.GOV','MASCULINO','AUTOMOTIVO','1/24/2010',126485,'COMPUTER SYSTEMS ANALYST I',6);
INSERT INTO FUNCIONARIOS VALUES (454,'PRICE','JPRICECL@LIVEINTERNET.RU','FEMININO','BEBÊS','9/22/2006',96388,'GRAPHIC DESIGNER',6);
INSERT INTO FUNCIONARIOS VALUES (455,'HAWKINS','JHAWKINSCM@FURL.NET','FEMININO','AUTOMOTIVO','6/13/2002',115506,'PRODUCT ENGINEER',2);
INSERT INTO FUNCIONARIOS VALUES (456,'WATSON','SWATSONCN@WUFOO.COM','FEMININO','INDUSTRIAL','3/10/2012',115679,'EDITOR',2);
INSERT INTO FUNCIONARIOS VALUES (457,'COLE','BCOLECO@PARALLELS.COM','FEMININO','JOALHERIA','12/11/2001',133040,'RESEARCH ASSOCIATE',6);
INSERT INTO FUNCIONARIOS VALUES (458,'LITTLE','DLITTLECP@USATODAY.COM','FEMININO','FILMES','5/14/2000',91660,'RESEARCH ASSISTANT I',5);
INSERT INTO FUNCIONARIOS VALUES (459,'ROBERTSON','EROBERTSONCQ@PRWEB.COM','FEMININO','COMPUTADORES','9/20/2009',136406,'CHEMICAL ENGINEER',7);
INSERT INTO FUNCIONARIOS VALUES (460,'SANCHEZ','LSANCHEZCR@REDIFF.COM','MASCULINO','AUTOMOTIVO','4/28/2005',146167,'ASSISTANT PROFESSOR',5);
INSERT INTO FUNCIONARIOS VALUES (461,'LANE','LLANECS@FREE.FR','FEMININO','BOOKS','4/4/2003',94299,'MEDIA MANAGER III',4);
INSERT INTO FUNCIONARIOS VALUES (462,'PERRY','RPERRYCT@ANSWERS.COM','MASCULINO','INDUSTRIAL','7/31/2004',56382,'EXECUTIVE SECRETARY',3);
INSERT INTO FUNCIONARIOS VALUES (463,'MASON','DMASONCU@ABOUT.COM','MASCULINO','FERRAMENTAS','12/21/2010',120160,'DATABASE ADMINISTRATOR II',3);
INSERT INTO FUNCIONARIOS VALUES (464,'BROOKS','DBROOKSCV@BIBLEGATEWAY.COM','FEMININO','CALÇADOS','4/23/2008',77060,'MARKETING MANAGER',3);
INSERT INTO FUNCIONARIOS VALUES (465,'WHITE','DWHITECW@EXBLOG.JP','MASCULINO','COMPUTADORES','10/17/2007',122540,'ADMINISTRATIVE OFFICER',2);
INSERT INTO FUNCIONARIOS VALUES (466,'CARROLL','FCARROLLCX@UCOZ.RU','FEMININO','GAMES','5/29/2008',128562,'SENIOR DEVELOPER',7);
INSERT INTO FUNCIONARIOS VALUES (467,'FORD','EFORDCY@ELPAIS.COM','FEMININO','ESPORTE','3/15/2002',60674,'SOFTWARE ENGINEER I',3);
INSERT INTO FUNCIONARIOS VALUES (468,'ROSS','GROSSCZ@BLOGTALKRADIO.COM','MASCULINO','JOALHERIA','4/16/2005',93609,'ENVIRONMENTAL SPECIALIST',6);
INSERT INTO FUNCIONARIOS VALUES (469,'HICKS','RHICKSD0@HISTATS.COM','FEMININO','CRIANÇAS','8/8/2010',97913,'OCCUPATIONAL THERAPIST',3);
INSERT INTO FUNCIONARIOS VALUES (470,'RICE','TRICED1@EXAMINER.COM','FEMININO','ALIMENTÍCIOS','8/13/2005',108380,'DATA COORDIATOR',5);
INSERT INTO FUNCIONARIOS VALUES (471,'LEWIS','PLEWISD2@BUSINESSINSIDER.COM','FEMININO','BEBÊS','11/16/2007',50448,'DATABASE ADMINISTRATOR III',4);
INSERT INTO FUNCIONARIOS VALUES (472,'ARNOLD','LARNOLDD3@WEBEDEN.CO.UK','FEMININO','BOOKS','2/25/2012',133781,'OFFICE ASSISTANT I',4);
INSERT INTO FUNCIONARIOS VALUES (473,'JORDAN','DJORDAND4@TRELLIAN.COM','FEMININO','BOOKS','11/14/2009',90409,'RESEARCH ASSISTANT II',3);
INSERT INTO FUNCIONARIOS VALUES (474,'REED','CREEDD5@BLOGLINES.COM','MASCULINO','JARDIM','1/7/2004',144953,'REGISTERED NURSE',7);
INSERT INTO FUNCIONARIOS VALUES (475,'JENKINS','SJENKINSD6@BLOGLOVIN.COM','MASCULINO','OUTDOORS','12/22/2001',46072,'NURSE',2);
INSERT INTO FUNCIONARIOS VALUES (476,'MATTHEWS','JMATTHEWSD7@ECONOMIST.COM','MASCULINO','BOOKS','2/1/2012',119602,'ACTUARY',5);
INSERT INTO FUNCIONARIOS VALUES (477,'GONZALEZ','LGONZALEZD8@FASTCOMPANY.COM','MASCULINO','COMPUTADORES','10/17/2010',122231,'DIRECTOR OF SALES',5);
INSERT INTO FUNCIONARIOS VALUES (478,'MASON','JMASOND9@NETWORKADVERTISING.ORG','MASCULINO','ESPORTE','4/16/2003',147166,'SYSTEMS ADMINISTRATOR I',6);
INSERT INTO FUNCIONARIOS VALUES (479,'NELSON','LNELSONDA@EXAMPLE.COM','MASCULINO','ALIMENTÍCIOS','9/8/2009',56465,'PROGRAMMER IV',6);
INSERT INTO FUNCIONARIOS VALUES (480,'MILLER','AMILLERDB@REDDIT.COM','MASCULINO','ELETRONICOS','2/7/2001',78158,'PROGRAMMER ANALYST I',5);
INSERT INTO FUNCIONARIOS VALUES (481,'MOORE','KMOOREDC@SIMPLEMACHINES.ORG','MASCULINO','JOALHERIA','6/5/2013',62815,'COMPENSATION ANALYST',4);
INSERT INTO FUNCIONARIOS VALUES (482,'HARRIS','RHARRISDD@PAYPAL.COM','MASCULINO','BRINQUEDOS','6/10/2007',126468,'BUDGET/ACCOUNTING ANALYST III',4);
INSERT INTO FUNCIONARIOS VALUES (483,'BROWN','MBROWNDE@BIZJOURNALS.COM','FEMININO','BELEZA','5/10/2012',79419,'SENIOR DEVELOPER',3);
INSERT INTO FUNCIONARIOS VALUES (484,'LITTLE','GLITTLEDF@XREA.COM','MASCULINO','COMPUTADORES','3/23/2009',83093,'REGISTERED NURSE',1);
INSERT INTO FUNCIONARIOS VALUES (485,'AUSTIN','CAUSTINDG@PEN.IO','FEMININO','CRIANÇAS','11/3/2014',90797,'HELP DESK OPERATOR',1);
INSERT INTO FUNCIONARIOS VALUES (486,'YOUNG','FYOUNGDH@NPR.ORG','FEMININO','CRIANÇAS','7/6/2008',78755,'DESKTOP SUPPORT TECHNICIAN',5);
INSERT INTO FUNCIONARIOS VALUES (487,'FOX','HFOXDI@ACQUIRETHISNAME.COM','FEMININO','CRIANÇAS','4/18/2003',128726,'BUSINESS SYSTEMS DEVELOPMENT ANALYST',3);
INSERT INTO FUNCIONARIOS VALUES (488,'BROOKS','EBROOKSDJ@BERKELEY.EDU','MASCULINO','MÚSICA','12/15/2011',69026,'NUCLEAR POWER ENGINEER',6);
INSERT INTO FUNCIONARIOS VALUES (489,'PARKER','LPARKERDK@SALON.COM','FEMININO','JARDIM','1/16/2014',78109,'RESEARCH NURSE',5);
INSERT INTO FUNCIONARIOS VALUES (490,'GRIFFIN','BGRIFFINDL@PBS.ORG','MASCULINO','FILMES','4/8/2000',116480,'NURSE PRACTICIONER',5);
INSERT INTO FUNCIONARIOS VALUES (491,'STEVENS','BSTEVENSDM@AOL.COM','FEMININO','BRINQUEDOS','6/13/2004',108444,'ENVIRONMENTAL TECH',7);
INSERT INTO FUNCIONARIOS VALUES (492,'EVANS','LEVANSDN@HOUSE.GOV','MASCULINO','COMPUTADORES','2/8/2010',106535,'FUNCIONARIOS SCIENTIST',1);
INSERT INTO FUNCIONARIOS VALUES (493,'BANKS','BBANKSDO@BRAVESITES.COM','MASCULINO','COMPUTADORES','6/24/2008',137025,'RESEARCH NURSE',5);
INSERT INTO FUNCIONARIOS VALUES (494,'SULLIVAN','KSULLIVANDP@UCOZ.COM','MASCULINO','INDUSTRIAL','3/3/2005',71663,'ANALOG CIRCUIT DESIGN MANAGER',3);
INSERT INTO FUNCIONARIOS VALUES (495,'BLACK','EBLACKDQ@IHG.COM','FEMININO','BOOKS','10/8/2004',80073,'SENIOR DEVELOPER',3);
INSERT INTO FUNCIONARIOS VALUES (496,'ANDREWS','DANDREWSDR@PATCH.COM','MASCULINO','BELEZA','3/14/2008',40254,'QUALITY CONTROL SPECIALIST',5);
INSERT INTO FUNCIONARIOS VALUES (497,'JENKINS','BJENKINSDS@KICKSTARTER.COM','FEMININO','ALIMENTÍCIOS','3/10/2011',80027,'VP SALES',3);
INSERT INTO FUNCIONARIOS VALUES (498,'GUTIERREZ','JGUTIERREZDT@WOOTHEMES.COM','FEMININO','JARDIM','8/22/2001',106994,'TECHNICAL WRITER',3);
INSERT INTO FUNCIONARIOS VALUES (499,'HANSEN','JHANSENDU@TIMESONLINE.CO.UK','MASCULINO','BRINQUEDOS','4/29/2001',145559,'OFFICE ASSISTANT III',2);
INSERT INTO FUNCIONARIOS VALUES (500,'RODRIGUEZ','DRODRIGUEZDV@HISTATS.COM','MASCULINO','INDUSTRIAL','3/21/2001',91994,'ACTUARY',5);
INSERT INTO FUNCIONARIOS VALUES (501,'BAILEY','HBAILEYDW@NETWORKSOLUTIONS.COM','MASCULINO','MÚSICA','8/5/2001',138540,'GEOLOGIST IV',7);
INSERT INTO FUNCIONARIOS VALUES (502,'BANKS','GBANKSDX@BERKELEY.EDU','FEMININO','COMPUTADORES','10/17/2010',136034,'PRODUCT ENGINEER',4);
INSERT INTO FUNCIONARIOS VALUES (503,'ROSE','JROSEDY@SQUARESPACE.COM','FEMININO','BEBÊS','1/19/2004',127291,'ACCOUNTING ASSISTANT III',7);
INSERT INTO FUNCIONARIOS VALUES (504,'WEAVER','MWEAVERDZ@FT.COM','MASCULINO','INDUSTRIAL','3/19/2000',131283,'FUNCIONARIOS SCIENTIST',4);
INSERT INTO FUNCIONARIOS VALUES (505,'WALKER','JWALKERE0@OAKLEY.COM','MASCULINO','COMPUTADORES','6/20/2005',122108,'ANALOG CIRCUIT DESIGN MANAGER',7);
INSERT INTO FUNCIONARIOS VALUES (506,'COX','NCOXE1@1UND1.DE','FEMININO','LAR','1/1/2008',49048,'SALES ASSOCIATE',1);
INSERT INTO FUNCIONARIOS VALUES (507,'REED','PREEDE2@WHO.INT','FEMININO','BEBÊS','11/1/2012',97427,'OCCUPATIONAL THERAPIST',6);
INSERT INTO FUNCIONARIOS VALUES (508,'MARSHALL','DMARSHALLE3@ABOUT.ME','MASCULINO','COMPUTADORES','5/14/2007',90960,'SOFTWARE TEST ENGINEER II',7);
INSERT INTO FUNCIONARIOS VALUES (509,'GONZALEZ','RGONZALEZE4@FURL.NET','MASCULINO','SAÚDE','12/30/2011',43986,'GEOLOGIST IV',3);
INSERT INTO FUNCIONARIOS VALUES (510,'LAWRENCE','RLAWRENCEE5@HHS.GOV','MASCULINO','OUTDOORS','11/21/2014',108748,'SENIOR EDITOR',4);
INSERT INTO FUNCIONARIOS VALUES (511,'MEDINA','TMEDINAE6@G.CO','FEMININO','INDUSTRIAL','12/3/2006',102149,'SALES REPRESENTATIVE',5);
INSERT INTO FUNCIONARIOS VALUES (512,'CARPENTER','RCARPENTERE7@BLOG.COM','MASCULINO','OUTDOORS','6/13/2008',133360,'RESEARCH NURSE',7);
INSERT INTO FUNCIONARIOS VALUES (513,'CARTER','MCARTERE8@TWITPIC.COM','FEMININO','JARDIM','7/9/2004',70814,'ACCOUNT REPRESENTATIVE I',4);
INSERT INTO FUNCIONARIOS VALUES (514,'PETERS','GPETERSE9@PEOPLE.COM.CN','MASCULINO','ALIMENTÍCIOS','12/18/2010',132037,'WEB DEVELOPER IV',6);
INSERT INTO FUNCIONARIOS VALUES (515,'GOMEZ','KGOMEZEA@BLOGLOVIN.COM','MASCULINO','ROUPAS','5/1/2002',55747,'HUMAN RESOURCES ASSISTANT I',1);
INSERT INTO FUNCIONARIOS VALUES (516,'STANLEY','RSTANLEYEB@ALIBABA.COM','FEMININO','BRINQUEDOS','6/9/2006',89324,'SYSTEMS ADMINISTRATOR IV',3);
INSERT INTO FUNCIONARIOS VALUES (517,'CARPENTER','LCARPENTEREC@TECHNORATI.COM','MASCULINO','COMPUTADORES','2/8/2011',124418,'CHIEF DESIGN ENGINEER',7);
INSERT INTO FUNCIONARIOS VALUES (518,'PETERS','CPETERSED@GOO.NE.JP','FEMININO','ALIMENTÍCIOS','12/25/2005',138093,'HUMAN RESOURCES ASSISTANT I',3);
INSERT INTO FUNCIONARIOS VALUES (519,'HAMILTON','CHAMILTONEE@GOOGLE.ES','MASCULINO','ELETRONICOS','8/26/2003',141340,'BUDGET/ACCOUNTING ANALYST III',4);
INSERT INTO FUNCIONARIOS VALUES (520,'OWENS','SOWENSEF@TED.COM','MASCULINO','INDUSTRIAL','6/2/2006',54672,'STRUCTURAL ENGINEER',4);
INSERT INTO FUNCIONARIOS VALUES (521,'WILLIAMSON','DWILLIAMSONEG@CREATIVECOMMONS.ORG','MASCULINO','ROUPAS','10/6/2003',118602,'DIRECTOR OF SALES',5);
INSERT INTO FUNCIONARIOS VALUES (522,'FLORES','LFLORESEH@TINYURL.COM','MASCULINO','JOALHERIA','2/4/2000',97745,'ELECTRICAL ENGINEER',7);
INSERT INTO FUNCIONARIOS VALUES (523,'JOHNSTON','AJOHNSTONEI@PHP.NET','FEMININO','SAÚDE','6/10/2012',143855,'INTERNAL AUDITOR',5);
INSERT INTO FUNCIONARIOS VALUES (524,'EDWARDS','PEDWARDSEJ@BUSINESSINSIDER.COM','FEMININO','SAÚDE','6/15/2009',43431,'PHYSICAL THERAPY ASSISTANT',6);
INSERT INTO FUNCIONARIOS VALUES (525,'PAYNE','TPAYNEEK@NEWYORKER.COM','FEMININO','FERRAMENTAS','3/1/2002',94016,'VP QUALITY CONTROL',2);
INSERT INTO FUNCIONARIOS VALUES (526,'ALLEN','LALLENEL@NYU.EDU','FEMININO','BEBÊS','9/9/2011',66847,'ASSISTANT MEDIA PLANNER',2);
INSERT INTO FUNCIONARIOS VALUES (527,'RICHARDS','JRICHARDSEM@1688.COM','MASCULINO','ROUPAS','4/20/2005',69705,'SENIOR DEVELOPER',3);
INSERT INTO FUNCIONARIOS VALUES (528,'COLE','FCOLEEN@MSN.COM','MASCULINO','ESPORTE','2/8/2012',96739,'PRODUCT ENGINEER',2);
INSERT INTO FUNCIONARIOS VALUES (529,'MEYER','LMEYEREO@STORIFY.COM','FEMININO','JARDIM','9/1/2006',52956,'SENIOR DEVELOPER',3);
INSERT INTO FUNCIONARIOS VALUES (530,'REYES','LREYESEP@FOXNEWS.COM','FEMININO','COMPUTADORES','12/14/2012',71559,'LIBRARIAN',1);
INSERT INTO FUNCIONARIOS VALUES (531,'HUDSON','RHUDSONEQ@FOTKI.COM','MASCULINO','LAR','11/17/2010',143226,'FOOD CHEMIST',7);
INSERT INTO FUNCIONARIOS VALUES (532,'RICE','RRICEER@WIRED.COM','MASCULINO','BOOKS','2/14/2011',145747,'FINANCIAL ADVISOR',3);
INSERT INTO FUNCIONARIOS VALUES (533,'CASTILLO','DCASTILLOES@COCOLOG-NIFTY.COM','FEMININO','INDUSTRIAL','10/15/2013',72001,'AUTOMATION SPECIALIST IV',2);
INSERT INTO FUNCIONARIOS VALUES (534,'HARRISON','JHARRISONET@MAPQUEST.COM','FEMININO','MÚSICA','9/20/2000',50308,'COMPENSATION ANALYST',6);
INSERT INTO FUNCIONARIOS VALUES (535,'MORRIS','RMORRISEU@YAHOO.COM','FEMININO','LAR','7/25/2007',131662,'HELP DESK OPERATOR',3);
INSERT INTO FUNCIONARIOS VALUES (536,'CASTILLO','ACASTILLOEV@CNET.COM','FEMININO','CRIANÇAS','5/19/2011',55730,'SPEECH PATHOLOGIST',7);
INSERT INTO FUNCIONARIOS VALUES (537,'WEBB','RWEBBEW@TWITTER.COM','FEMININO','GAMES','2/12/2005',63836,'OCCUPATIONAL THERAPIST',1);
INSERT INTO FUNCIONARIOS VALUES (538,'FREEMAN','GFREEMANEX@NPS.GOV','MASCULINO','CALÇADOS','10/24/2005',121296,'CIVIL ENGINEER',2);
INSERT INTO FUNCIONARIOS VALUES (539,'KELLEY','RKELLEYEY@FEEDBURNER.COM','MASCULINO','FILMES','3/20/2012',110660,'SENIOR FINANCIAL ANALYST',4);
INSERT INTO FUNCIONARIOS VALUES (540,'MATTHEWS','LMATTHEWSEZ@EDUBLOGS.ORG','MASCULINO','GAMES','12/19/2001',89114,'GIS TECHNICAL ARCHITECT',5);
INSERT INTO FUNCIONARIOS VALUES (541,'MENDOZA','TMENDOZAF0@GOOGLE.NL','FEMININO','MÚSICA','8/28/2007',48769,'NURSE',5);
INSERT INTO FUNCIONARIOS VALUES (542,'RICE','ERICEF1@CPANEL.NET','MASCULINO','MÚSICA','2/1/2008',90069,'ASSISTANT PROFESSOR',5);
INSERT INTO FUNCIONARIOS VALUES (543,'WALKER','KWALKERF2@VINAORA.COM','FEMININO','LAR','9/7/2013',120085,'HUMAN RESOURCES ASSISTANT III',6);
INSERT INTO FUNCIONARIOS VALUES (544,'MOORE','MMOOREF3@OAKLEY.COM','FEMININO','ELETRONICOS','11/15/2007',41697,'AUTOMATION SPECIALIST I',7);
INSERT INTO FUNCIONARIOS VALUES (545,'LYNCH','JLYNCHF4@JIMDO.COM','MASCULINO','CRIANÇAS','5/4/2009',44093,'SAÚDE COACH IV',5);
INSERT INTO FUNCIONARIOS VALUES (546,'FOX','MFOXF5@JIMDO.COM','FEMININO','JOALHERIA','11/1/2006',59294,'SENIOR EDITOR',6);
INSERT INTO FUNCIONARIOS VALUES (547,'MORENO','BMORENOF6@VKONTAKTE.RU','MASCULINO','INDUSTRIAL','8/21/2013',140858,'COST ACCOUNTANT',7);
INSERT INTO FUNCIONARIOS VALUES (548,'SIMPSON','DSIMPSONF7@ENGADGET.COM','FEMININO','BRINQUEDOS','1/10/2009',46444,'DESKTOP SUPPORT TECHNICIAN',6);
INSERT INTO FUNCIONARIOS VALUES (549,'REYNOLDS','KREYNOLDSF8@VISTAPRINT.COM','FEMININO','BOOKS','9/26/2012',85855,'FINANCIAL ADVISOR',4);
INSERT INTO FUNCIONARIOS VALUES (550,'WATSON','LWATSONF9@ALEXA.COM','MASCULINO','CALÇADOS','5/1/2000',72334,'DEVELOPER IV',3);
INSERT INTO FUNCIONARIOS VALUES (551,'CRUZ','BCRUZFA@NBCNEWS.COM','MASCULINO','MÚSICA','10/4/2011',69246,'WEB DEVELOPER III',6);
INSERT INTO FUNCIONARIOS VALUES (552,'GOMEZ','CGOMEZFB@REDDIT.COM','MASCULINO','BELEZA','3/18/2011',107389,'COMMUNITY OUTREACH SPECIALIST',2);
INSERT INTO FUNCIONARIOS VALUES (553,'GEORGE','RGEORGEFC@YOUTUBE.COM','MASCULINO','AUTOMOTIVO','12/16/2009',141505,'ASSOCIATE PROFESSOR',6);
INSERT INTO FUNCIONARIOS VALUES (554,'FRAZIER','MFRAZIERFD@TRIPOD.COM','MASCULINO','BRINQUEDOS','1/6/2008',60318,'ENGINEER I',5);
INSERT INTO FUNCIONARIOS VALUES (555,'BRYANT','CBRYANTFE@PHPBB.COM','FEMININO','OUTDOORS','6/12/2014',148260,'EXECUTIVE SECRETARY',7);
INSERT INTO FUNCIONARIOS VALUES (556,'FERGUSON','MFERGUSONFF@TRELLIAN.COM','FEMININO','ELETRONICOS','12/20/2006',73199,'PAYMENT ADJUSTMENT COORDINATOR',2);
INSERT INTO FUNCIONARIOS VALUES (557,'FRAZIER','DFRAZIERFG@TWITTER.COM','MASCULINO','CRIANÇAS','8/26/2002',111244,'ENVIRONMENTAL SPECIALIST',6);
INSERT INTO FUNCIONARIOS VALUES (558,'HUDSON','JHUDSONFH@SOUNDCLOUD.COM','MASCULINO','BEBÊS','3/21/2012',103845,'NURSE PRACTICIONER',1);
INSERT INTO FUNCIONARIOS VALUES (559,'MURPHY','JMURPHYFI@NAVER.COM','FEMININO','COMPUTADORES','10/19/2008',88666,'SENIOR EDITOR',7);
INSERT INTO FUNCIONARIOS VALUES (560,'KIM','JKIMFJ@DROPBOX.COM','MASCULINO','ROUPAS','1/22/2014',67845,'ADMINISTRATIVE OFFICER',7);
INSERT INTO FUNCIONARIOS VALUES (561,'RODRIGUEZ','JRODRIGUEZFK@CAFEPRESS.COM','MASCULINO','ESPORTE','4/8/2004',62527,'RECRUITER',1);
INSERT INTO FUNCIONARIOS VALUES (562,'PEREZ','JPEREZFL@SEESAA.NET','MASCULINO','FERRAMENTAS','5/17/2003',73412,'LIBRARIAN',5);
INSERT INTO FUNCIONARIOS VALUES (563,'GRAHAM','BGRAHAMFM@USATODAY.COM','MASCULINO','BELEZA','4/21/2011',123391,'FINANCIAL ADVISOR',7);
INSERT INTO FUNCIONARIOS VALUES (564,'MARTINEZ','AMARTINEZFN@PEOPLE.COM.CN','FEMININO','SAÚDE','2/23/2005',99508,'VP QUALITY CONTROL',5);
INSERT INTO FUNCIONARIOS VALUES (565,'PIERCE','JPIERCEFO@CNET.COM','FEMININO','JOALHERIA','4/17/2014',55726,'GEOLOGIST III',7);
INSERT INTO FUNCIONARIOS VALUES (566,'LYNCH','MLYNCHFP@REVERBNATION.COM','MASCULINO','ELETRONICOS','12/10/2011',67140,'SYSTEMS ADMINISTRATOR III',3);
INSERT INTO FUNCIONARIOS VALUES (567,'MYERS','DMYERSFQ@AMAZON.COM','FEMININO','LAR','5/27/2010',139060,'ASSISTANT PROFESSOR',7);
INSERT INTO FUNCIONARIOS VALUES (568,'DAY','KDAYFR@WIX.COM','MASCULINO','LAR','7/20/2004',135993,'GEOLOGIST IV',4);
INSERT INTO FUNCIONARIOS VALUES (569,'LITTLE','JLITTLEFS@BRAVESITES.COM','FEMININO','BOOKS','11/12/2010',80788,'PROGRAMMER I',4);
INSERT INTO FUNCIONARIOS VALUES (570,'JAMES','RJAMESFT@JIATHIS.COM','FEMININO','ROUPAS','3/21/2001',136377,'SOFTWARE ENGINEER I',7);
INSERT INTO FUNCIONARIOS VALUES (571,'ORTIZ','EORTIZFU@JAVA.COM','FEMININO','ELETRONICOS','6/19/2009',46247,'VP ACCOUNTING',3);
INSERT INTO FUNCIONARIOS VALUES (572,'DUNCAN','JDUNCANFV@ETSY.COM','MASCULINO','AUTOMOTIVO','3/17/2014',45774,'ELECTRICAL ENGINEER',2);
INSERT INTO FUNCIONARIOS VALUES (573,'KENNEDY','JKENNEDYFW@NASA.GOV','FEMININO','ESPORTE','4/23/2010',100741,'SENIOR COST ACCOUNTANT',1);
INSERT INTO FUNCIONARIOS VALUES (574,'PIERCE','DPIERCEFX@MARKETWATCH.COM','MASCULINO','ALIMENTÍCIOS','9/20/2005',45534,'SENIOR SALES ASSOCIATE',1);
INSERT INTO FUNCIONARIOS VALUES (575,'BOWMAN','ABOWMANFY@DEVHUB.COM','MASCULINO','GAMES','4/26/2002',75399,'VP QUALITY CONTROL',7);
INSERT INTO FUNCIONARIOS VALUES (576,'TAYLOR','STAYLORFZ@ISSUU.COM','MASCULINO','ROUPAS','7/13/2006',50235,'ASSISTANT MEDIA PLANNER',1);
INSERT INTO FUNCIONARIOS VALUES (577,'JONES','JJONESG0@G.CO','MASCULINO','BEBÊS','1/27/2011',128048,'PROGRAMMER III',5);
INSERT INTO FUNCIONARIOS VALUES (578,'LYNCH','HLYNCHG1@WASHINGTONPOST.COM','MASCULINO','ROUPAS','5/2/2006',111318,'TECHNICAL WRITER',3);
INSERT INTO FUNCIONARIOS VALUES (579,'BARNES','JBARNESG2@HUBPAGES.COM','FEMININO','JARDIM','12/23/2000',100763,'DATABASE ADMINISTRATOR I',7);
INSERT INTO FUNCIONARIOS VALUES (580,'WEAVER','KWEAVERG3@WIKIA.COM','MASCULINO','COMPUTADORES','5/23/2012',54231,'ACCOUNTING ASSISTANT II',3);
INSERT INTO FUNCIONARIOS VALUES (581,'CUNNINGHAM','PCUNNINGHAMG4@EXAMPLE.COM','FEMININO','ESPORTE','3/25/2010',92334,'GIS TECHNICAL ARCHITECT',3);
INSERT INTO FUNCIONARIOS VALUES (582,'RAMIREZ','HRAMIREZG5@MERRIAM-WEBSTER.COM','MASCULINO','JOALHERIA','3/16/2005',58111,'RESEARCH ASSOCIATE',5);
INSERT INTO FUNCIONARIOS VALUES (583,'HUNTER','EHUNTERG6@UCSD.EDU','FEMININO','CALÇADOS','12/12/2000',112048,'SOFTWARE ENGINEER II',5);
INSERT INTO FUNCIONARIOS VALUES (584,'COOK','CCOOKG7@BLOG.COM','FEMININO','MÚSICA','5/13/2008',109404,'CHIEF DESIGN ENGINEER',6);
INSERT INTO FUNCIONARIOS VALUES (585,'LOPEZ','NLOPEZG8@FEMA.GOV','MASCULINO','JARDIM','7/19/2007',138776,'SENIOR EDITOR',2);
INSERT INTO FUNCIONARIOS VALUES (586,'OLSON','FOLSONG9@ACQUIRETHISNAME.COM','FEMININO','LAR','7/1/2003',110411,'COMPENSATION ANALYST',3);
INSERT INTO FUNCIONARIOS VALUES (587,'MARTIN','PMARTINGA@WEBNODE.COM','FEMININO','BRINQUEDOS','9/7/2002',74973,'GENERAL MANAGER',7);
INSERT INTO FUNCIONARIOS VALUES (588,'DAY','EDAYGB@GOOGLE.NL','FEMININO','FERRAMENTAS','10/15/2002',129890,'SOFTWARE CONSULTANT',4);
INSERT INTO FUNCIONARIOS VALUES (589,'ARNOLD','SARNOLDGC@PARALLELS.COM','MASCULINO','FILMES','1/27/2005',135786,'ACCOUNT REPRESENTATIVE I',7);
INSERT INTO FUNCIONARIOS VALUES (590,'ALLEN','RALLENGD@CNET.COM','FEMININO','ALIMENTÍCIOS','6/15/2007',132998,'BUSINESS SYSTEMS DEVELOPMENT ANALYST',3);
INSERT INTO FUNCIONARIOS VALUES (591,'SIMS','WSIMSGE@VINAORA.COM','FEMININO','BEBÊS','2/28/2014',84318,'SOFTWARE TEST ENGINEER I',2);
INSERT INTO FUNCIONARIOS VALUES (592,'DUNCAN','ADUNCANGF@BEHANCE.NET','MASCULINO','CALÇADOS','4/11/2004',110407,'SALES ASSOCIATE',5);
INSERT INTO FUNCIONARIOS VALUES (593,'EVANS','AEVANSGG@WORDPRESS.ORG','FEMININO','LAR','6/15/2000',94980,'FINANCIAL ADVISOR',4);
INSERT INTO FUNCIONARIOS VALUES (594,'CHAPMAN','SCHAPMANGH@ARSTECHNICA.COM','FEMININO','INDUSTRIAL','3/7/2004',125843,'WEB DESIGNER II',4);
INSERT INTO FUNCIONARIOS VALUES (595,'PRICE','RPRICEGI@FLAVORS.ME','FEMININO','ALIMENTÍCIOS','1/27/2000',66180,'FUNCIONARIOS SCIENTIST',5);
INSERT INTO FUNCIONARIOS VALUES (596,'FORD','JFORDGJ@NYU.EDU','FEMININO','JOALHERIA','11/27/2014',88854,'ACCOUNT REPRESENTATIVE I',4);
INSERT INTO FUNCIONARIOS VALUES (597,'LYNCH','ALYNCHGK@TUMBLR.COM','FEMININO','BELEZA','2/10/2004',71448,'ELECTRICAL ENGINEER',1);
INSERT INTO FUNCIONARIOS VALUES (598,'DIAZ','JDIAZGL@HHS.GOV','FEMININO','ESPORTE','11/2/2002',60547,'COMMUNITY OUTREACH SPECIALIST',2);
INSERT INTO FUNCIONARIOS VALUES (599,'WATKINS','RWATKINSGM@INDEPENDENT.CO.UK','FEMININO','OUTDOORS','11/21/2010',128805,'OCCUPATIONAL THERAPIST',5);
INSERT INTO FUNCIONARIOS VALUES (600,'RUIZ','SRUIZGN@REDDIT.COM','FEMININO','OUTDOORS','5/11/2006',96782,'DATABASE ADMINISTRATOR II',5);
INSERT INTO FUNCIONARIOS VALUES (601,'LOPEZ','BLOPEZGO@SOURCEFORGE.NET','MASCULINO','SAÚDE','3/12/2001',125944,'OFFICE ASSISTANT II',2);
INSERT INTO FUNCIONARIOS VALUES (602,'HENDERSON','CHENDERSONGP@SINA.COM.CN','MASCULINO','FERRAMENTAS','9/17/2011',101937,'TEACHER',7);
INSERT INTO FUNCIONARIOS VALUES (603,'WEBB','LWEBBGQ@LAST.FM','MASCULINO','JOALHERIA','12/6/2000',127569,'ANALYST PROGRAMMER',7);
INSERT INTO FUNCIONARIOS VALUES (604,'GREENE','AGREENEGR@CMU.EDU','MASCULINO','ROUPAS','6/30/2004',104517,'RESEARCH ASSISTANT III',2);
INSERT INTO FUNCIONARIOS VALUES (605,'STEPHENS','ESTEPHENSGS@PHOCA.CZ','FEMININO','ALIMENTÍCIOS','12/11/2010',110366,'RESEARCH NURSE',6);
INSERT INTO FUNCIONARIOS VALUES (606,'PARKER','RPARKERGT@1688.COM','FEMININO','INDUSTRIAL','2/8/2003',136917,'ASSISTANT PROFESSOR',4);
INSERT INTO FUNCIONARIOS VALUES (607,'REYES','HREYESGU@GNU.ORG','MASCULINO','ESPORTE','7/21/2007',130563,'NUCLEAR POWER ENGINEER',7);
INSERT INTO FUNCIONARIOS VALUES (608,'GARZA','HGARZAGV@WEBMD.COM','MASCULINO','SAÚDE','11/13/2004',73553,'ACCOUNTANT IV',6);
INSERT INTO FUNCIONARIOS VALUES (609,'FISHER','DFISHERGW@MYSPACE.COM','MASCULINO','ELETRONICOS','1/21/2007',93995,'TEACHER',2);
INSERT INTO FUNCIONARIOS VALUES (610,'HICKS','HHICKSGX@IFENG.COM','MASCULINO','SAÚDE','8/23/2009',45270,'VP MARKETING',7);
INSERT INTO FUNCIONARIOS VALUES (611,'FORD','JFORDGY@EARTHLINK.NET','FEMININO','CALÇADOS','10/29/2009',147739,'SAFETY TECHNICIAN I',5);
INSERT INTO FUNCIONARIOS VALUES (612,'FOWLER','CFOWLERGZ@JOOMLA.ORG','FEMININO','SAÚDE','9/10/2003',142211,'SOFTWARE TEST ENGINEER IV',4);
INSERT INTO FUNCIONARIOS VALUES (613,'COLEMAN','HCOLEMANH0@FEEDBURNER.COM','FEMININO','BELEZA','9/26/2006',48791,'TEACHER',1);
INSERT INTO FUNCIONARIOS VALUES (614,'RAMIREZ','JRAMIREZH1@PHP.NET','FEMININO','ELETRONICOS','11/2/2008',112929,'ACCOUNT COORDINATOR',5);
INSERT INTO FUNCIONARIOS VALUES (615,'ALEXANDER','FALEXANDERH2@IRS.GOV','FEMININO','ROUPAS','12/25/2009',72854,'MARKETING ASSISTANT',7);
INSERT INTO FUNCIONARIOS VALUES (616,'MARSHALL','HMARSHALLH3@COM.COM','FEMININO','AUTOMOTIVO','10/10/2006',47281,'VP SALES',6);
INSERT INTO FUNCIONARIOS VALUES (617,'MILLS','HMILLSH4@LULU.COM','FEMININO','SAÚDE','6/12/2013',49410,'ACCOUNT REPRESENTATIVE II',1);
INSERT INTO FUNCIONARIOS VALUES (618,'PHILLIPS','WPHILLIPSH5@ECONOMIST.COM','MASCULINO','ROUPAS','6/7/2001',128205,'SALES REPRESENTATIVE',6);
INSERT INTO FUNCIONARIOS VALUES (619,'COLE','JCOLEH6@PHP.NET','MASCULINO','FERRAMENTAS','6/2/2014',133190,'RESEARCH NURSE',7);
INSERT INTO FUNCIONARIOS VALUES (620,'OLSON','AOLSONH7@PSU.EDU','FEMININO','BOOKS','8/14/2009',59644,'SYSTEMS ADMINISTRATOR III',1);
INSERT INTO FUNCIONARIOS VALUES (621,'REYNOLDS','NREYNOLDSH8@REDCROSS.ORG','MASCULINO','CRIANÇAS','10/31/2004',111427,'PROGRAMMER I',4);
INSERT INTO FUNCIONARIOS VALUES (622,'WRIGHT','RWRIGHTH9@JIMDO.COM','MASCULINO','ELETRONICOS','3/15/2002',98339,'ASSISTANT MANAGER',3);
INSERT INTO FUNCIONARIOS VALUES (623,'FORD','MFORDHA@YOUKU.COM','MASCULINO','BELEZA','2/27/2006',72948,'TEACHER',6);
INSERT INTO FUNCIONARIOS VALUES (624,'GARZA','MGARZAHB@ELEGANTTHEMES.COM','MASCULINO','BOOKS','11/26/2008',60203,'PRODUCT ENGINEER',2);
INSERT INTO FUNCIONARIOS VALUES (625,'ANDREWS','HANDREWSHC@SALON.COM','FEMININO','OUTDOORS','12/2/2007',147003,'CHEMICAL ENGINEER',1);
INSERT INTO FUNCIONARIOS VALUES (626,'RUIZ','SRUIZHD@SLASHDOT.ORG','FEMININO','JARDIM','1/12/2009',83706,'ASSISTANT MEDIA PLANNER',2);
INSERT INTO FUNCIONARIOS VALUES (627,'WATKINS','SWATKINSHE@WUNDERGROUND.COM','FEMININO','ALIMENTÍCIOS','1/21/2000',80245,'VP PRODUCT MANAGEMENT',6);
INSERT INTO FUNCIONARIOS VALUES (628,'DIAZ','RDIAZHF@NIH.GOV','MASCULINO','JOALHERIA','8/11/2008',65110,'COMPENSATION ANALYST',5);
INSERT INTO FUNCIONARIOS VALUES (629,'WATKINS','MWATKINSHG@BBB.ORG','MASCULINO','JOALHERIA','7/29/2011',128617,'SENIOR EDITOR',4);
INSERT INTO FUNCIONARIOS VALUES (630,'PIERCE','SPIERCEHH@GOOGLE.NL','MASCULINO','OUTDOORS','2/9/2002',96107,'ACTUARY',5);
INSERT INTO FUNCIONARIOS VALUES (631,'PEREZ','WPEREZHI@YAHOO.CO.JP','FEMININO','FERRAMENTAS','6/14/2014',44788,'PROJECT MANAGER',2);
INSERT INTO FUNCIONARIOS VALUES (632,'LOPEZ','CLOPEZHJ@MEDIAFIRE.COM','FEMININO','JARDIM','1/1/2004',86207,'ACCOUNTANT II',4);
INSERT INTO FUNCIONARIOS VALUES (633,'FREEMAN','MFREEMANHK@WALMART.COM','MASCULINO','CALÇADOS','10/25/2000',79845,'TEACHER',1);
INSERT INTO FUNCIONARIOS VALUES (634,'FOWLER','WFOWLERHL@PEOPLE.COM.CN','FEMININO','OUTDOORS','4/6/2011',104264,'FUNCIONARIOS SCIENTIST',6);
INSERT INTO FUNCIONARIOS VALUES (635,'RODRIGUEZ','MRODRIGUEZHM@WILEY.COM','FEMININO','FERRAMENTAS','12/27/2010',77005,'SYSTEMS ADMINISTRATOR IV',1);
INSERT INTO FUNCIONARIOS VALUES (636,'WHEELER','LWHEELERHN@SKYROCK.COM','FEMININO','INDUSTRIAL','9/25/2011',69564,'SENIOR EDITOR',6);
INSERT INTO FUNCIONARIOS VALUES (637,'KNIGHT','DKNIGHTHO@BUZZFEED.COM','FEMININO','CALÇADOS','7/25/2007',84549,'SENIOR COST ACCOUNTANT',5);
INSERT INTO FUNCIONARIOS VALUES (638,'WALKER','BWALKERHP@DROPBOX.COM','MASCULINO','GAMES','6/9/2006',134488,'SOFTWARE CONSULTANT',1);
INSERT INTO FUNCIONARIOS VALUES (639,'PORTER','EPORTERHQ@AMAZON.COM','MASCULINO','CALÇADOS','2/13/2007',140243,'FINANCIAL ADVISOR',5);
INSERT INTO FUNCIONARIOS VALUES (640,'WASHINGTON','HWASHINGTONHR@BBC.CO.UK','MASCULINO','JOALHERIA','2/22/2003',44096,'GEOLOGIST IV',4);
INSERT INTO FUNCIONARIOS VALUES (641,'HAYES','RHAYESHS@LOC.GOV','FEMININO','SAÚDE','4/7/2010',69454,'WEB DESIGNER II',1);
INSERT INTO FUNCIONARIOS VALUES (642,'WARREN','AWARRENHT@ADDTHIS.COM','FEMININO','FILMES','5/15/2009',126201,'ELECTRICAL ENGINEER',2);
INSERT INTO FUNCIONARIOS VALUES (643,'JOHNSTON','CJOHNSTONHU@PSU.EDU','MASCULINO','JOALHERIA','3/21/2014',123820,'COMPUTER SYSTEMS ANALYST IV',4);
INSERT INTO FUNCIONARIOS VALUES (644,'CARROLL','JCARROLLHV@OVER-BLOG.COM','MASCULINO','ALIMENTÍCIOS','4/6/2002',52956,'COMPENSATION ANALYST',7);
INSERT INTO FUNCIONARIOS VALUES (645,'WEBB','TWEBBHW@GOOGLE.COM.BR','MASCULINO','FERRAMENTAS','6/1/2007',143595,'GEOLOGICAL ENGINEER',6);
INSERT INTO FUNCIONARIOS VALUES (646,'HARVEY','LHARVEYHX@PLALA.OR.JP','MASCULINO','BELEZA','8/14/2014',124707,'REGISTERED NURSE',6);
INSERT INTO FUNCIONARIOS VALUES (647,'WASHINGTON','MWASHINGTONHY@ICIO.US','MASCULINO','ELETRONICOS','10/15/2009',57092,'INTERNAL AUDITOR',2);
INSERT INTO FUNCIONARIOS VALUES (648,'LONG','RLONGHZ@LIST-MANAGE.COM','MASCULINO','BELEZA','2/12/2007',149099,'EXECUTIVE SECRETARY',3);
INSERT INTO FUNCIONARIOS VALUES (649,'RUSSELL','KRUSSELLI0@POSTEROUS.COM','MASCULINO','CALÇADOS','11/18/2007',99352,'RECRUITING MANAGER',1);
INSERT INTO FUNCIONARIOS VALUES (650,'FRAZIER','RFRAZIERI1@GITHUB.COM','MASCULINO','ALIMENTÍCIOS','1/22/2013',44919,'QUALITY ENGINEER',7);
INSERT INTO FUNCIONARIOS VALUES (651,'FREEMAN','TFREEMANI2@SOUNDCLOUD.COM','FEMININO','SAÚDE','8/28/2006',55034,'ADMINISTRATIVE OFFICER',4);
INSERT INTO FUNCIONARIOS VALUES (652,'RIVERA','CRIVERAI3@GITHUB.IO','MASCULINO','JOALHERIA','6/16/2006',60396,'SENIOR QUALITY ENGINEER',7);
INSERT INTO FUNCIONARIOS VALUES (653,'RAMIREZ','VRAMIREZI4@YELLOWPAGES.COM','MASCULINO','BRINQUEDOS','7/6/2013',147862,'CHEMICAL ENGINEER',5);
INSERT INTO FUNCIONARIOS VALUES (654,'MCDONALD','HMCDONALDI5@4SHARED.COM','MASCULINO','AUTOMOTIVO','11/3/2002',69594,'RECRUITING MANAGER',3);
INSERT INTO FUNCIONARIOS VALUES (655,'MEYER','EMEYERI6@FRIENDFEED.COM','FEMININO','ESPORTE','6/8/2014',145363,'GIS TECHNICAL ARCHITECT',3);
INSERT INTO FUNCIONARIOS VALUES (656,'CAMPBELL','KCAMPBELLI7@PRNEWSWIRE.COM','MASCULINO','BOOKS','4/3/2008',70804,'QUALITY ENGINEER',2);
INSERT INTO FUNCIONARIOS VALUES (657,'REID','AREIDI8@WUNDERGROUND.COM','FEMININO','ROUPAS','6/29/2013',65154,'SALES REPRESENTATIVE',5);
INSERT INTO FUNCIONARIOS VALUES (658,'GILBERT','AGILBERTI9@PARALLELS.COM','MASCULINO','ELETRONICOS','10/8/2013',61332,'MARKETING ASSISTANT',3);
INSERT INTO FUNCIONARIOS VALUES (659,'RAMOS','KRAMOSIA@ED.GOV','FEMININO','OUTDOORS','9/7/2003',72319,'QUALITY CONTROL SPECIALIST',1);
INSERT INTO FUNCIONARIOS VALUES (660,'NELSON','MNELSONIB@IBM.COM','MASCULINO','CALÇADOS','12/8/2001',139564,'PHARMACIST',7);
INSERT INTO FUNCIONARIOS VALUES (661,'FOSTER','PFOSTERIC@SMUGMUG.COM','FEMININO','AUTOMOTIVO','9/21/2004',63364,'COMMUNITY OUTREACH SPECIALIST',4);
INSERT INTO FUNCIONARIOS VALUES (662,'SCOTT','BSCOTTID@MASHABLE.COM','MASCULINO','BEBÊS','1/18/2000',86497,'ADMINISTRATIVE OFFICER',6);
INSERT INTO FUNCIONARIOS VALUES (663,'LYNCH','TLYNCHIE@BLOGLOVIN.COM','FEMININO','OUTDOORS','1/25/2003',117248,'FUNCIONARIOS ACCOUNTANT III',1);
INSERT INTO FUNCIONARIOS VALUES (664,'WATKINS','EWATKINSIF@ASK.COM','FEMININO','ESPORTE','2/9/2013',133507,'BUDGET/ACCOUNTING ANALYST II',1);
INSERT INTO FUNCIONARIOS VALUES (665,'GARCIA','PGARCIAIG@MACROMEDIA.COM','FEMININO','SAÚDE','11/4/2008',135132,'RESEARCH ASSISTANT III',7);
INSERT INTO FUNCIONARIOS VALUES (666,'ARNOLD','JARNOLDIH@TRIPOD.COM','FEMININO','CALÇADOS','4/22/2013',52041,'DATABASE ADMINISTRATOR I',2);
INSERT INTO FUNCIONARIOS VALUES (667,'WILLIS','NWILLISII@SOHU.COM','FEMININO','MÚSICA','3/12/2012',73425,'HUMAN RESOURCES MANAGER',3);
INSERT INTO FUNCIONARIOS VALUES (668,'BURTON','JBURTONIJ@WEBMD.COM','FEMININO','COMPUTADORES','3/17/2001',46960,'FINANCIAL ADVISOR',4);
INSERT INTO FUNCIONARIOS VALUES (669,'OWENS','SOWENSIK@PRLOG.ORG','MASCULINO','BRINQUEDOS','5/6/2001',104373,'GRAPHIC DESIGNER',6);
INSERT INTO FUNCIONARIOS VALUES (670,'MORENO','RMORENOIL@GIZMODO.COM','FEMININO','CALÇADOS','9/17/2014',102493,'SENIOR QUALITY ENGINEER',5);
INSERT INTO FUNCIONARIOS VALUES (671,'FULLER','JFULLERIM@THEGUARDIAN.COM','MASCULINO','CALÇADOS','12/11/2007',55568,'SENIOR COST ACCOUNTANT',7);
INSERT INTO FUNCIONARIOS VALUES (672,'FOWLER','CFOWLERIN@YELP.COM','MASCULINO','ESPORTE','5/5/2006',75159,'BIOSTATISTICIAN III',2);
INSERT INTO FUNCIONARIOS VALUES (673,'THOMAS','LTHOMASIO@PAGESPERSO-ORANGE.FR','MASCULINO','SAÚDE','10/27/2014',51782,'OPERATOR',6);
INSERT INTO FUNCIONARIOS VALUES (674,'ADAMS','JADAMSIP@CISCO.COM','MASCULINO','BRINQUEDOS','8/28/2009',41855,'PAYMENT ADJUSTMENT COORDINATOR',7);
INSERT INTO FUNCIONARIOS VALUES (675,'SNYDER','SSNYDERIQ@VKONTAKTE.RU','MASCULINO','GAMES','6/22/2005',143846,'WEB DEVELOPER III',3);
INSERT INTO FUNCIONARIOS VALUES (676,'SULLIVAN','RSULLIVANIR@XINHUANET.COM','MASCULINO','MÚSICA','9/29/2013',101756,'PROGRAMMER IV',5);
INSERT INTO FUNCIONARIOS VALUES (677,'ROBERTSON','LROBERTSONIS@FORBES.COM','MASCULINO','COMPUTADORES','8/4/2014',136492,'COMPENSATION ANALYST',4);
INSERT INTO FUNCIONARIOS VALUES (678,'MILLS','JMILLSIT@WEBS.COM','MASCULINO','MÚSICA','4/17/2011',82979,'SENIOR QUALITY ENGINEER',6);
INSERT INTO FUNCIONARIOS VALUES (679,'STONE','PSTONEIU@NAROD.RU','MASCULINO','ELETRONICOS','5/15/2014',40218,'PARALEGAL',2);
INSERT INTO FUNCIONARIOS VALUES (680,'SIMMONS','GSIMMONSIV@COCOLOG-NIFTY.COM','FEMININO','GAMES','12/9/2001',60695,'CHEMICAL ENGINEER',2);
INSERT INTO FUNCIONARIOS VALUES (681,'BUTLER','DBUTLERIW@DISCUZ.NET','MASCULINO','LAR','11/30/2008',47994,'SENIOR QUALITY ENGINEER',4);
INSERT INTO FUNCIONARIOS VALUES (682,'SCOTT','KSCOTTIX@YCOMBINATOR.COM','MASCULINO','JARDIM','9/3/2004',50057,'ACCOUNT EXECUTIVE',2);
INSERT INTO FUNCIONARIOS VALUES (683,'TORRES','JTORRESIY@4SHARED.COM','FEMININO','GAMES','3/11/2006',135886,'ASSISTANT MEDIA PLANNER',3);
INSERT INTO FUNCIONARIOS VALUES (684,'HALL','LHALLIZ@SMH.COM.AU','MASCULINO','JOALHERIA','7/15/2009',77924,'SENIOR SALES ASSOCIATE',7);
INSERT INTO FUNCIONARIOS VALUES (685,'WHITE','JWHITEJ0@USNEWS.COM','FEMININO','BELEZA','12/7/2008',136356,'OFFICE ASSISTANT IV',1);
INSERT INTO FUNCIONARIOS VALUES (686,'WATKINS','MWATKINSJ1@MYSPACE.COM','MASCULINO','BRINQUEDOS','3/24/2004',104444,'BUSINESS SYSTEMS DEVELOPMENT ANALYST',2);
INSERT INTO FUNCIONARIOS VALUES (687,'GARDNER','AGARDNERJ2@BLOGS.COM','FEMININO','COMPUTADORES','12/3/2000',49693,'CHEMICAL ENGINEER',2);
INSERT INTO FUNCIONARIOS VALUES (688,'CRUZ','KCRUZJ3@SHINYSTAT.COM','MASCULINO','LAR','6/29/2012',90829,'RECRUITER',6);
INSERT INTO FUNCIONARIOS VALUES (689,'AUSTIN','AAUSTINJ4@WALMART.COM','FEMININO','ELETRONICOS','10/31/2007',62293,'ADMINISTRATIVE OFFICER',4);
INSERT INTO FUNCIONARIOS VALUES (690,'PERKINS','RPERKINSJ5@EHOW.COM','MASCULINO','MÚSICA','5/9/2000',57988,'WEB DEVELOPER I',4);
INSERT INTO FUNCIONARIOS VALUES (691,'HANSEN','CHANSENJ6@UIUC.EDU','FEMININO','BELEZA','2/4/2010',113893,'CLINICAL SPECIALIST',7);
INSERT INTO FUNCIONARIOS VALUES (692,'OWENS','DOWENSJ7@HIBU.COM','MASCULINO','CALÇADOS','3/11/2013',58265,'NURSE PRACTICIONER',3);
INSERT INTO FUNCIONARIOS VALUES (693,'CARR','HCARRJ8@LATIMES.COM','MASCULINO','JARDIM','1/17/2005',143570,'ACTUARY',4);
INSERT INTO FUNCIONARIOS VALUES (694,'CHAVEZ','RCHAVEZJ9@UIUC.EDU','FEMININO','ALIMENTÍCIOS','4/19/2007',116894,'CHIEF DESIGN ENGINEER',6);
INSERT INTO FUNCIONARIOS VALUES (695,'MORALES','RMORALESJA@VINAORA.COM','FEMININO','AUTOMOTIVO','1/24/2006',82244,'ADMINISTRATIVE ASSISTANT III',2);
INSERT INTO FUNCIONARIOS VALUES (696,'ANDERSON','DANDERSONJB@LINKEDIN.COM','MASCULINO','GAMES','10/7/2012',92640,'EXECUTIVE SECRETARY',7);
INSERT INTO FUNCIONARIOS VALUES (697,'WOODS','TWOODSJC@UCOZ.RU','MASCULINO','BELEZA','6/23/2000',123995,'ASSISTANT MEDIA PLANNER',5);
INSERT INTO FUNCIONARIOS VALUES (698,'COOK','TCOOKJD@BLINKLIST.COM','MASCULINO','JARDIM','12/12/2005',97351,'SAÚDE COACH I',4);
INSERT INTO FUNCIONARIOS VALUES (699,'PRICE','BPRICEJE@ICIO.US','FEMININO','ROUPAS','1/25/2003',133091,'VP ACCOUNTING',7);
INSERT INTO FUNCIONARIOS VALUES (700,'STONE','TSTONEJF@COM.COM','MASCULINO','JARDIM','7/15/2004',100746,'VP QUALITY CONTROL',6);
INSERT INTO FUNCIONARIOS VALUES (701,'WILLIAMS','JWILLIAMSJG@REDIFF.COM','MASCULINO','JOALHERIA','10/13/2002',101599,'DEVELOPER II',7);
INSERT INTO FUNCIONARIOS VALUES (702,'WELLS','DWELLSJH@IS.GD','MASCULINO','ESPORTE','6/2/2014',77293,'STRUCTURAL ANALYSIS ENGINEER',5);
INSERT INTO FUNCIONARIOS VALUES (703,'HERNANDEZ','AHERNANDEZJI@UCOZ.RU','FEMININO','GAMES','3/4/2014',119787,'SPEECH PATHOLOGIST',1);
INSERT INTO FUNCIONARIOS VALUES (704,'BURKE','EBURKEJJ@GODADDY.COM','MASCULINO','COMPUTADORES','6/12/2013',114690,'FUNCIONARIOS SCIENTIST',2);
INSERT INTO FUNCIONARIOS VALUES (705,'CLARK','PCLARKJK@JOOMLA.ORG','MASCULINO','FILMES','10/25/2009',97150,'VP ACCOUNTING',6);
INSERT INTO FUNCIONARIOS VALUES (706,'MENDOZA','RMENDOZAJL@G.CO','FEMININO','LAR','12/5/2011',91655,'COST ACCOUNTANT',5);
INSERT INTO FUNCIONARIOS VALUES (707,'PERRY','JPERRYJM@LAR.PL','MASCULINO','INDUSTRIAL','11/8/2006',124296,'DEVELOPER III',1);
INSERT INTO FUNCIONARIOS VALUES (708,'ROSE','CROSEJN@CNBC.COM','FEMININO','AUTOMOTIVO','12/24/2011',66063,'SOFTWARE TEST ENGINEER I',7);
INSERT INTO FUNCIONARIOS VALUES (709,'PAYNE','CPAYNEJO@TINYURL.COM','FEMININO','BOOKS','1/12/2007',138137,'DEVELOPER IV',2);
INSERT INTO FUNCIONARIOS VALUES (710,'MILLS','JMILLSJP@YAHOO.COM','FEMININO','MÚSICA','1/22/2005',49326,'CHEMICAL ENGINEER',7);
INSERT INTO FUNCIONARIOS VALUES (711,'ROBERTS','JROBERTSJQ@ED.GOV','MASCULINO','ROUPAS','8/21/2009',80743,'GEOLOGICAL ENGINEER',4);
INSERT INTO FUNCIONARIOS VALUES (712,'TORRES','DTORRESJR@STATE.TX.US','MASCULINO','JOALHERIA','12/23/2007',105686,'SENIOR DEVELOPER',6);
INSERT INTO FUNCIONARIOS VALUES (713,'HICKS','AHICKSJS@ARSTECHNICA.COM','FEMININO','ESPORTE','12/23/2013',65650,'PROJECT MANAGER',1);
INSERT INTO FUNCIONARIOS VALUES (714,'COOPER','KCOOPERJT@SALON.COM','MASCULINO','GAMES','9/26/2003',86446,'STATISTICIAN II',4);
INSERT INTO FUNCIONARIOS VALUES (715,'HENRY','RHENRYJU@ANSWERS.COM','FEMININO','GAMES','6/26/2010',132421,'HUMAN RESOURCES MANAGER',1);
INSERT INTO FUNCIONARIOS VALUES (716,'JACOBS','BJACOBSJV@THETIMES.CO.UK','MASCULINO','ELETRONICOS','6/18/2004',69855,'PAYMENT ADJUSTMENT COORDINATOR',4);
INSERT INTO FUNCIONARIOS VALUES (717,'GREENE','RGREENEJW@SO-NET.NE.JP','FEMININO','OUTDOORS','7/8/2007',80999,'FUNCIONARIOS ACCOUNTANT II',6);
INSERT INTO FUNCIONARIOS VALUES (718,'ARMSTRONG','DARMSTRONGJX@CAFEPRESS.COM','MASCULINO','SAÚDE','1/3/2003',66447,'ACCOUNT COORDINATOR',2);
INSERT INTO FUNCIONARIOS VALUES (719,'WAGNER','EWAGNERJY@JALBUM.NET','MASCULINO','BELEZA','1/4/2013',135445,'OPERATOR',2);
INSERT INTO FUNCIONARIOS VALUES (720,'RICE','HRICEJZ@BLINKLIST.COM','FEMININO','JOALHERIA','11/8/2010',57781,'DENTAL HYGIENIST',4);
INSERT INTO FUNCIONARIOS VALUES (721,'SMITH','HSMITHK0@4SHARED.COM','FEMININO','SAÚDE','9/21/2005',83802,'RESEARCH ASSISTANT II',7);
INSERT INTO FUNCIONARIOS VALUES (722,'HILL','KHILLK1@ABOUT.ME','FEMININO','ROUPAS','8/31/2002',73262,'INFORMATION SYSTEMS MANAGER',5);
INSERT INTO FUNCIONARIOS VALUES (723,'HOWARD','RHOWARDK2@CNET.COM','FEMININO','BEBÊS','3/3/2002',89035,'SENIOR EDITOR',5);
INSERT INTO FUNCIONARIOS VALUES (724,'ELLIOTT','DELLIOTTK3@WHO.INT','MASCULINO','INDUSTRIAL','5/20/2001',125115,'SENIOR QUALITY ENGINEER',3);
INSERT INTO FUNCIONARIOS VALUES (725,'RICHARDS','KRICHARDSK4@BLOGLINES.COM','MASCULINO','BEBÊS','10/2/2003',80939,'ANALYST PROGRAMMER',1);
INSERT INTO FUNCIONARIOS VALUES (726,'WELCH','DWELCHK5@MAPQUEST.COM','MASCULINO','LAR','9/11/2008',49463,'RESEARCH NURSE',1);
INSERT INTO FUNCIONARIOS VALUES (727,'JOHNSON','MJOHNSONK6@SCIENCEDAILY.COM','MASCULINO','FILMES','5/21/2012',83165,'ACCOUNT REPRESENTATIVE I',5);
INSERT INTO FUNCIONARIOS VALUES (728,'LARSON','SLARSONK7@SAKURA.NE.JP','FEMININO','OUTDOORS','4/21/2006',125574,'RESEARCH ASSOCIATE',1);
INSERT INTO FUNCIONARIOS VALUES (729,'BANKS','HBANKSK8@NIFTY.COM','MASCULINO','JOALHERIA','11/15/2013',119747,'GRAPHIC DESIGNER',5);
INSERT INTO FUNCIONARIOS VALUES (730,'JOHNSTON','EJOHNSTONK9@LIVEINTERNET.RU','FEMININO','ESPORTE','11/24/2008',57651,'HELP DESK OPERATOR',6);
INSERT INTO FUNCIONARIOS VALUES (731,'FERGUSON','GFERGUSONKA@GEOCITIES.JP','FEMININO','LAR','6/28/2009',70524,'VP ACCOUNTING',2);
INSERT INTO FUNCIONARIOS VALUES (732,'MURRAY','AMURRAYKB@BLINKLIST.COM','MASCULINO','ROUPAS','8/15/2004',50511,'SENIOR COST ACCOUNTANT',3);
INSERT INTO FUNCIONARIOS VALUES (733,'DIAZ','JDIAZKC@CHINA.COM.CN','MASCULINO','LAR','11/20/2000',58847,'COMMUNITY OUTREACH SPECIALIST',4);
INSERT INTO FUNCIONARIOS VALUES (734,'SIMMONS','TSIMMONSKD@CHICAGOTRIBUNE.COM','FEMININO','AUTOMOTIVO','2/20/2005',58555,'BIOSTATISTICIAN I',2);
INSERT INTO FUNCIONARIOS VALUES (735,'RICHARDS','JRICHARDSKE@HATENA.NE.JP','MASCULINO','ROUPAS','11/14/2014',116333,'LEGAL ASSISTANT',5);
INSERT INTO FUNCIONARIOS VALUES (736,'MORGAN','EMORGANKF@BUSINESSINSIDER.COM','MASCULINO','BEBÊS','8/27/2009',80813,'SENIOR QUALITY ENGINEER',6);
INSERT INTO FUNCIONARIOS VALUES (737,'PRICE','BPRICEKG@XINHUANET.COM','MASCULINO','SAÚDE','7/26/2004',142794,'RECRUITING MANAGER',1);
INSERT INTO FUNCIONARIOS VALUES (738,'HUDSON','CHUDSONKH@GOOGLE.CO.UK','FEMININO','COMPUTADORES','1/4/2003',65083,'MARKETING ASSISTANT',6);
INSERT INTO FUNCIONARIOS VALUES (739,'CARROLL','LCARROLLKI@EXAMPLE.COM','FEMININO','BEBÊS','3/13/2014',125398,'ASSISTANT PROFESSOR',2);
INSERT INTO FUNCIONARIOS VALUES (740,'LONG','JLONGKJ@DAILYMAIL.CO.UK','FEMININO','CRIANÇAS','1/13/2008',98502,'STRUCTURAL ANALYSIS ENGINEER',7);
INSERT INTO FUNCIONARIOS VALUES (741,'PARKER','CPARKERKK@FOXNEWS.COM','FEMININO','CALÇADOS','12/31/2002',90086,'RESEARCH ASSOCIATE',4);
INSERT INTO FUNCIONARIOS VALUES (742,'NGUYEN','LNGUYENKL@GOODREADS.COM','MASCULINO','ESPORTE','12/3/2007',77382,'DESIGN ENGINEER',6);
INSERT INTO FUNCIONARIOS VALUES (743,'GARZA','AGARZAKM@MIITBEIAN.GOV.CN','FEMININO','ELETRONICOS','12/23/2014',113278,'STATISTICIAN IV',2);
INSERT INTO FUNCIONARIOS VALUES (744,'GORDON','PGORDONKN@MAC.COM','MASCULINO','AUTOMOTIVO','9/18/2001',129324,'DEVELOPER I',4);
INSERT INTO FUNCIONARIOS VALUES (745,'REED','LREEDKO@WIKIPEDIA.ORG','FEMININO','OUTDOORS','11/21/2005',108504,'PHARMACIST',1);
INSERT INTO FUNCIONARIOS VALUES (746,'BAKER','BBAKERKP@LIST-MANAGE.COM','MASCULINO','INDUSTRIAL','10/4/2001',145283,'PAYMENT ADJUSTMENT COORDINATOR',1);
INSERT INTO FUNCIONARIOS VALUES (747,'CARROLL','MCARROLLKQ@WHITEHOUSE.GOV','MASCULINO','CRIANÇAS','7/30/2006',82674,'JUNIOR EXECUTIVE',4);
INSERT INTO FUNCIONARIOS VALUES (748,'ELLIOTT','DELLIOTTKR@DOT.GOV','MASCULINO','ROUPAS','12/9/2009',119097,'ADMINISTRATIVE ASSISTANT I',2);
INSERT INTO FUNCIONARIOS VALUES (749,'PARKER','APARKERKS@GODADDY.COM','FEMININO','JOALHERIA','9/5/2012',60498,'ACCOUNTANT I',4);
INSERT INTO FUNCIONARIOS VALUES (750,'WARD','KWARDKT@WIKIPEDIA.ORG','MASCULINO','MÚSICA','7/16/2014',108228,'VP SALES',3);
INSERT INTO FUNCIONARIOS VALUES (751,'KELLEY','CKELLEYKU@GRAVATAR.COM','MASCULINO','ELETRONICOS','5/7/2005',106602,'OCCUPATIONAL THERAPIST',2);
INSERT INTO FUNCIONARIOS VALUES (752,'GONZALES','RGONZALESKV@MEETUP.COM','FEMININO','LAR','1/24/2011',95810,'FOOD CHEMIST',4);
INSERT INTO FUNCIONARIOS VALUES (753,'KING','BKINGKW@FRIENDFEED.COM','FEMININO','ELETRONICOS','2/5/2005',149597,'STRUCTURAL ANALYSIS ENGINEER',1);
INSERT INTO FUNCIONARIOS VALUES (754,'MENDOZA','SMENDOZAKX@JAVA.COM','FEMININO','ELETRONICOS','3/17/2000',57331,'OCCUPATIONAL THERAPIST',3);
INSERT INTO FUNCIONARIOS VALUES (755,'TUCKER','CTUCKERKY@1688.COM','MASCULINO','INDUSTRIAL','8/17/2011',49113,'BUSINESS SYSTEMS DEVELOPMENT ANALYST',7);
INSERT INTO FUNCIONARIOS VALUES (756,'FOX','DFOXKZ@FOXNEWS.COM','FEMININO','ALIMENTÍCIOS','7/17/2005',80417,'ASSISTANT MEDIA PLANNER',7);
INSERT INTO FUNCIONARIOS VALUES (757,'EVANS','AEVANSL0@NBA.COM','MASCULINO','GAMES','4/5/2012',122595,'AUTOMATION SPECIALIST I',6);
INSERT INTO FUNCIONARIOS VALUES (758,'RAY','NRAYL1@MAIL.RU','MASCULINO','BRINQUEDOS','10/23/2013',126661,'SYSTEMS ADMINISTRATOR I',2);
INSERT INTO FUNCIONARIOS VALUES (759,'VASQUEZ','JVASQUEZL2@EDUBLOGS.ORG','MASCULINO','JARDIM','4/2/2000',127695,'SYSTEMS ADMINISTRATOR I',7);
INSERT INTO FUNCIONARIOS VALUES (760,'BELL','SBELLL3@GOO.GL','MASCULINO','BEBÊS','7/24/2008',66608,'GENERAL MANAGER',1);
INSERT INTO FUNCIONARIOS VALUES (761,'BURKE','EBURKEL4@NEWSVINE.COM','FEMININO','LAR','12/14/2014',106033,'QUALITY CONTROL SPECIALIST',1);
INSERT INTO FUNCIONARIOS VALUES (762,'STANLEY','CSTANLEYL5@SPRINGER.COM','MASCULINO','ELETRONICOS','8/9/2013',103237,'ACCOUNT EXECUTIVE',7);
INSERT INTO FUNCIONARIOS VALUES (763,'BELL','DBELLL6@WISC.EDU','MASCULINO','COMPUTADORES','4/22/2002',122843,'ACCOUNTANT IV',2);
INSERT INTO FUNCIONARIOS VALUES (764,'JACOBS','MJACOBSL7@IBM.COM','FEMININO','MÚSICA','7/6/2004',51771,'ACCOUNTANT III',3);
INSERT INTO FUNCIONARIOS VALUES (765,'WILLIAMS','DWILLIAMSL8@GOOGLE.COM.BR','MASCULINO','FERRAMENTAS','11/7/2009',107709,'NUCLEAR POWER ENGINEER',1);
INSERT INTO FUNCIONARIOS VALUES (766,'ELLIOTT','KELLIOTTL9@HHS.GOV','MASCULINO','BOOKS','12/18/2009',104149,'FOOD CHEMIST',2);
INSERT INTO FUNCIONARIOS VALUES (767,'HALL','JHALLLA@HAO123.COM','MASCULINO','BOOKS','8/2/2004',91501,'EDITOR',7);
INSERT INTO FUNCIONARIOS VALUES (768,'MEYER','JMEYERLB@YANDEX.RU','FEMININO','AUTOMOTIVO','7/24/2014',42602,'PROGRAMMER IV',2);
INSERT INTO FUNCIONARIOS VALUES (769,'KELLY','JKELLYLC@LINKEDIN.COM','FEMININO','CRIANÇAS','11/24/2013',132676,'DENTAL HYGIENIST',4);
INSERT INTO FUNCIONARIOS VALUES (770,'BURTON','JBURTONLD@DELICIOUS.COM','FEMININO','GAMES','5/4/2006',140688,'PROGRAMMER ANALYST III',3);
INSERT INTO FUNCIONARIOS VALUES (771,'CLARK','RCLARKLE@TED.COM','FEMININO','JARDIM','9/9/2014',51792,'SOFTWARE CONSULTANT',4);
INSERT INTO FUNCIONARIOS VALUES (772,'ELLIOTT','DELLIOTTLF@FDA.GOV','MASCULINO','FILMES','10/13/2004',100570,'SENIOR FINANCIAL ANALYST',5);
INSERT INTO FUNCIONARIOS VALUES (773,'DIXON','RDIXONLG@PARALLELS.COM','MASCULINO','FERRAMENTAS','7/2/2007',60383,'VP PRODUCT MANAGEMENT',1);
INSERT INTO FUNCIONARIOS VALUES (774,'RICHARDS','VRICHARDSLH@FORBES.COM','MASCULINO','CALÇADOS','3/21/2006',68761,'GRAPHIC DESIGNER',1);
INSERT INTO FUNCIONARIOS VALUES (775,'GONZALEZ','EGONZALEZLI@NAVER.COM','FEMININO','FERRAMENTAS','10/14/2009',131830,'GIS TECHNICAL ARCHITECT',2);
INSERT INTO FUNCIONARIOS VALUES (776,'OLSON','KOLSONLJ@FRIENDFEED.COM','FEMININO','ROUPAS','9/27/2013',107535,'OFFICE ASSISTANT III',7);
INSERT INTO FUNCIONARIOS VALUES (777,'SIMS','JSIMSLK@ANGELFIRE.COM','MASCULINO','INDUSTRIAL','11/15/2001',95548,'SALES ASSOCIATE',3);
INSERT INTO FUNCIONARIOS VALUES (778,'THOMAS','ETHOMASLL@AOL.COM','MASCULINO','AUTOMOTIVO','5/16/2013',116487,'GRAPHIC DESIGNER',1);
INSERT INTO FUNCIONARIOS VALUES (779,'GONZALEZ','MGONZALEZLM@ILLINOIS.EDU','MASCULINO','ALIMENTÍCIOS','2/3/2005',148106,'SALES REPRESENTATIVE',2);
INSERT INTO FUNCIONARIOS VALUES (780,'COX','DCOXLN@STUDIOPRESS.COM','MASCULINO','GAMES','4/4/2007',135719,'DATABASE ADMINISTRATOR I',5);
INSERT INTO FUNCIONARIOS VALUES (781,'SCHMIDT','RSCHMIDTLO@HARVARD.EDU','FEMININO','AUTOMOTIVO','4/4/2010',121300,'HUMAN RESOURCES ASSISTANT II',5);
INSERT INTO FUNCIONARIOS VALUES (782,'WEAVER','JWEAVERLP@UNBLOG.FR','MASCULINO','FILMES','11/9/2011',120226,'SOFTWARE ENGINEER II',4);
INSERT INTO FUNCIONARIOS VALUES (783,'BURNS','KBURNSLQ@163.COM','MASCULINO','AUTOMOTIVO','8/13/2004',44377,'TECHNICAL WRITER',4);
INSERT INTO FUNCIONARIOS VALUES (784,'BURNS','ABURNSLR@SQUIDOO.COM','MASCULINO','ELETRONICOS','2/15/2008',102001,'DEVELOPER III',4);
INSERT INTO FUNCIONARIOS VALUES (785,'MILLER','NMILLERLS@BEHANCE.NET','MASCULINO','MÚSICA','3/10/2009',99151,'INFORMATION SYSTEMS MANAGER',1);
INSERT INTO FUNCIONARIOS VALUES (786,'WILLIS','JWILLISLT@INSTAGRAM.COM','MASCULINO','JARDIM','10/8/2000',123427,'GENERAL MANAGER',4);
INSERT INTO FUNCIONARIOS VALUES (787,'WILLIAMSON','TWILLIAMSONLU@OW.LY','FEMININO','FERRAMENTAS','3/9/2003',135695,'BUDGET/ACCOUNTING ANALYST III',6);
INSERT INTO FUNCIONARIOS VALUES (788,'PHILLIPS','DPHILLIPSLV@DOMAINMARKET.COM','FEMININO','BRINQUEDOS','4/29/2004',102793,'EDITOR',4);
INSERT INTO FUNCIONARIOS VALUES (789,'JAMES','KJAMESLW@YELLOWBOOK.COM','MASCULINO','ROUPAS','3/20/2005',130188,'STRUCTURAL ANALYSIS ENGINEER',1);
INSERT INTO FUNCIONARIOS VALUES (790,'MURRAY','CMURRAYLX@ICIO.US','FEMININO','LAR','4/25/2013',97607,'ACCOUNTANT IV',3);
INSERT INTO FUNCIONARIOS VALUES (791,'PHILLIPS','TPHILLIPSLY@GLOBO.COM','FEMININO','ESPORTE','12/11/2013',93534,'SAÚDE COACH IV',1);
INSERT INTO FUNCIONARIOS VALUES (792,'MCCOY','JMCCOYLZ@SAMSUNG.COM','MASCULINO','INDUSTRIAL','9/20/2007',95787,'ENGINEER IV',2);
INSERT INTO FUNCIONARIOS VALUES (793,'KELLY','AKELLYM0@UNBLOG.FR','FEMININO','GAMES','4/16/2011',120086,'PROFESSOR',6);
INSERT INTO FUNCIONARIOS VALUES (794,'LARSON','MLARSONM1@BLINKLIST.COM','FEMININO','OUTDOORS','1/1/2009',119414,'RESEARCH ASSISTANT II',1);
INSERT INTO FUNCIONARIOS VALUES (795,'HANSEN','DHANSENM2@THETIMES.CO.UK','FEMININO','JARDIM','9/12/2008',79952,'COMPENSATION ANALYST',4);
INSERT INTO FUNCIONARIOS VALUES (796,'OWENS','JOWENSM3@MAIL.RU','MASCULINO','BELEZA','8/17/2004',138682,'ANALYST PROGRAMMER',7);
INSERT INTO FUNCIONARIOS VALUES (797,'RAMOS','ARAMOSM4@ISSUU.COM','FEMININO','SAÚDE','5/20/2003',49667,'HELP DESK TECHNICIAN',6);
INSERT INTO FUNCIONARIOS VALUES (798,'KIM','AKIMM5@VIMEO.COM','MASCULINO','JARDIM','7/13/2008',83798,'TECHNICAL WRITER',5);
INSERT INTO FUNCIONARIOS VALUES (799,'SIMS','ASIMSM6@LYCOS.COM','FEMININO','ROUPAS','3/9/2013',146024,'ACTUARY',7);
INSERT INTO FUNCIONARIOS VALUES (800,'PETERSON','APETERSONM7@EEPURL.COM','MASCULINO','OUTDOORS','9/8/2000',144841,'WEB DEVELOPER I',4);
INSERT INTO FUNCIONARIOS VALUES (801,'GOMEZ','TGOMEZM8@UCOZ.RU','FEMININO','FILMES','9/20/2012',101582,'BIOSTATISTICIAN II',7);
INSERT INTO FUNCIONARIOS VALUES (802,'KNIGHT','DKNIGHTM9@QUANTCAST.COM','FEMININO','FILMES','5/30/2006',100716,'HELP DESK OPERATOR',3);
INSERT INTO FUNCIONARIOS VALUES (803,'HUNT','AHUNTMA@G.CO','FEMININO','BELEZA','3/16/2011',72016,'COMPUTER SYSTEMS ANALYST I',4);
INSERT INTO FUNCIONARIOS VALUES (804,'HUNTER','HHUNTERMB@REVERBNATION.COM','FEMININO','BOOKS','7/31/2005',123156,'SOCIAL WORKER',1);
INSERT INTO FUNCIONARIOS VALUES (805,'GORDON','PGORDONMC@CREATIVECOMMONS.ORG','MASCULINO','BEBÊS','8/13/2014',110058,'BUSINESS SYSTEMS DEVELOPMENT ANALYST',1);
INSERT INTO FUNCIONARIOS VALUES (806,'HILL','SHILLMD@CA.GOV','MASCULINO','CALÇADOS','12/15/2011',117092,'VP PRODUCT MANAGEMENT',5);
INSERT INTO FUNCIONARIOS VALUES (807,'GIBSON','HGIBSONME@OX.AC.UK','MASCULINO','INDUSTRIAL','12/15/2005',148816,'OPERATOR',4);
INSERT INTO FUNCIONARIOS VALUES (808,'MILLS','JMILLSMF@SEESAA.NET','FEMININO','GAMES','4/14/2009',79031,'ELECTRICAL ENGINEER',3);
INSERT INTO FUNCIONARIOS VALUES (809,'BUTLER','RBUTLERMG@NETVIBES.COM','MASCULINO','AUTOMOTIVO','8/9/2006',128448,'TECHNICAL WRITER',3);
INSERT INTO FUNCIONARIOS VALUES (810,'FOSTER','LFOSTERMH@BLOG.COM','FEMININO','SAÚDE','1/7/2013',138478,'SOFTWARE TEST ENGINEER IV',4);
INSERT INTO FUNCIONARIOS VALUES (811,'HARRISON','EHARRISONMI@CDBABY.COM','MASCULINO','JOALHERIA','10/8/2010',41026,'PROFESSOR',1);
INSERT INTO FUNCIONARIOS VALUES (812,'HARVEY','JHARVEYMJ@YANDEX.RU','MASCULINO','BELEZA','9/25/2006',131816,'SALES REPRESENTATIVE',1);
INSERT INTO FUNCIONARIOS VALUES (813,'COLLINS','DCOLLINSMK@SALON.COM','FEMININO','ALIMENTÍCIOS','11/11/2013',85647,'SPEECH PATHOLOGIST',6);
INSERT INTO FUNCIONARIOS VALUES (814,'HAYES','SHAYESML@USDA.GOV','MASCULINO','JOALHERIA','2/28/2000',49457,'COMPENSATION ANALYST',4);
INSERT INTO FUNCIONARIOS VALUES (815,'BURTON','RBURTONMM@OW.LY','FEMININO','JARDIM','10/1/2014',80763,'COMMUNITY OUTREACH SPECIALIST',3);
INSERT INTO FUNCIONARIOS VALUES (816,'JACKSON','PJACKSONMN@DAILYMOTION.COM','FEMININO','BELEZA','12/29/2013',107093,'ELECTRICAL ENGINEER',3);
INSERT INTO FUNCIONARIOS VALUES (817,'DIXON','SDIXONMO@MARRIOTT.COM','MASCULINO','BEBÊS','1/15/2008',138970,'STRUCTURAL ANALYSIS ENGINEER',7);
INSERT INTO FUNCIONARIOS VALUES (818,'RICE','JRICEMP@COLUMBIA.EDU','FEMININO','FILMES','4/5/2002',82077,'DATA COORDIATOR',4);
INSERT INTO FUNCIONARIOS VALUES (819,'MURRAY','JMURRAYMQ@SPIEGEL.DE','MASCULINO','INDUSTRIAL','12/6/2014',83237,'EDITOR',4);
INSERT INTO FUNCIONARIOS VALUES (820,'BAKER','JBAKERMR@CAFEPRESS.COM','MASCULINO','BRINQUEDOS','1/20/2002',107749,'GRAPHIC DESIGNER',2);
INSERT INTO FUNCIONARIOS VALUES (821,'RILEY','RRILEYMS@UIUC.EDU','MASCULINO','JOALHERIA','6/19/2012',149114,'BUSINESS SYSTEMS DEVELOPMENT ANALYST',7);
INSERT INTO FUNCIONARIOS VALUES (822,'GONZALEZ','JGONZALEZMT@NSW.GOV.AU','MASCULINO','SAÚDE','8/9/2007',107240,'FINANCIAL ANALYST',4);
INSERT INTO FUNCIONARIOS VALUES (823,'HARRISON','MHARRISONMU@GUARDIAN.CO.UK','FEMININO','BEBÊS','5/30/2008',134334,'ACCOUNTANT II',7);
INSERT INTO FUNCIONARIOS VALUES (824,'MORRIS','MMORRISMV@TUMBLR.COM','MASCULINO','ALIMENTÍCIOS','9/26/2002',72008,'GIS TECHNICAL ARCHITECT',2);
INSERT INTO FUNCIONARIOS VALUES (825,'TURNER','JTURNERMW@MAPY.CZ','MASCULINO','BOOKS','4/3/2000',89285,'COMMUNITY OUTREACH SPECIALIST',5);
INSERT INTO FUNCIONARIOS VALUES (826,'GARCIA','CGARCIAMX@VISTAPRINT.COM','FEMININO','ALIMENTÍCIOS','8/10/2003',131075,'HELP DESK OPERATOR',2);
INSERT INTO FUNCIONARIOS VALUES (827,'FOWLER','HFOWLERMY@NPS.GOV','MASCULINO','BEBÊS','5/7/2009',110383,'CHIEF DESIGN ENGINEER',4);
INSERT INTO FUNCIONARIOS VALUES (828,'ALLEN','WALLENMZ@GNU.ORG','FEMININO','FERRAMENTAS','7/18/2005',149586,'ACCOUNT COORDINATOR',1);
INSERT INTO FUNCIONARIOS VALUES (829,'PARKER','BPARKERN0@WEIBO.COM','MASCULINO','SAÚDE','11/27/2002',89503,'RESEARCH ASSOCIATE',2);
INSERT INTO FUNCIONARIOS VALUES (830,'STEWART','CSTEWARTN1@HUGEDOMAINS.COM','FEMININO','COMPUTADORES','3/14/2010',149336,'SENIOR SALES ASSOCIATE',1);
INSERT INTO FUNCIONARIOS VALUES (831,'RODRIGUEZ','DRODRIGUEZN2@GUARDIAN.CO.UK','FEMININO','OUTDOORS','8/30/2006',140276,'ELECTRICAL ENGINEER',5);
INSERT INTO FUNCIONARIOS VALUES (832,'TURNER','HTURNERN3@TUMBLR.COM','FEMININO','GAMES','4/8/2001',127875,'ACCOUNTANT III',7);
INSERT INTO FUNCIONARIOS VALUES (833,'CHAVEZ','RCHAVEZN4@TAMU.EDU','FEMININO','MÚSICA','5/29/2009',137704,'HELP DESK TECHNICIAN',4);
INSERT INTO FUNCIONARIOS VALUES (834,'COX','KCOXN5@DYNDNS.ORG','FEMININO','GAMES','1/17/2013',149221,'SENIOR FINANCIAL ANALYST',2);
INSERT INTO FUNCIONARIOS VALUES (835,'TUCKER','BTUCKERN6@OVH.NET','MASCULINO','BEBÊS','6/4/2014',148573,'NURSE PRACTICIONER',4);
INSERT INTO FUNCIONARIOS VALUES (836,'VASQUEZ','SVASQUEZN7@1UND1.DE','FEMININO','GAMES','9/20/2002',125378,'SENIOR DEVELOPER',4);
INSERT INTO FUNCIONARIOS VALUES (837,'COLE','WCOLEN8@PHP.NET','FEMININO','JOALHERIA','9/12/2006',66420,'CLINICAL SPECIALIST',7);
INSERT INTO FUNCIONARIOS VALUES (838,'BLACK','RBLACKN9@SUN.COM','MASCULINO','BRINQUEDOS','9/28/2008',117171,'ELECTRICAL ENGINEER',4);
INSERT INTO FUNCIONARIOS VALUES (839,'RICHARDSON','TRICHARDSONNA@CBSNEWS.COM','FEMININO','SAÚDE','10/23/2008',145962,'COST ACCOUNTANT',3);
INSERT INTO FUNCIONARIOS VALUES (840,'HAMILTON','PHAMILTONNB@EARTHLINK.NET','MASCULINO','BOOKS','10/19/2001',73778,'SALES REPRESENTATIVE',2);
INSERT INTO FUNCIONARIOS VALUES (841,'SULLIVAN','SSULLIVANNC@CLICKBANK.NET','MASCULINO','CRIANÇAS','3/4/2008',76731,'ACCOUNTING ASSISTANT II',2);
INSERT INTO FUNCIONARIOS VALUES (842,'CARPENTER','ACARPENTERND@PRLOG.ORG','FEMININO','BELEZA','7/13/2008',101653,'WEB DESIGNER II',6);
INSERT INTO FUNCIONARIOS VALUES (843,'ROSS','RROSSNE@SALON.COM','MASCULINO','JARDIM','1/11/2001',62534,'SENIOR EDITOR',3);
INSERT INTO FUNCIONARIOS VALUES (844,'HALL','JHALLNF@1UND1.DE','MASCULINO','OUTDOORS','4/30/2013',100428,'WEB DESIGNER I',3);
INSERT INTO FUNCIONARIOS VALUES (845,'WASHINGTON','IWASHINGTONNG@FREEWEBS.COM','MASCULINO','CRIANÇAS','12/2/2001',109828,'VP QUALITY CONTROL',6);
INSERT INTO FUNCIONARIOS VALUES (846,'MORENO','DMORENONH@WEBS.COM','FEMININO','JOALHERIA','3/21/2001',63133,'CLINICAL SPECIALIST',5);
INSERT INTO FUNCIONARIOS VALUES (847,'KNIGHT','DKNIGHTNI@UNC.EDU','FEMININO','ROUPAS','3/22/2008',91532,'OPERATOR',4);
INSERT INTO FUNCIONARIOS VALUES (848,'AUSTIN','JAUSTINNJ@GOV.UK','FEMININO','CALÇADOS','1/26/2005',101646,'ENVIRONMENTAL TECH',1);
INSERT INTO FUNCIONARIOS VALUES (849,'RICE','KRICENK@CYBERCHIMPS.COM','MASCULINO','ALIMENTÍCIOS','8/2/2002',68034,'SENIOR FINANCIAL ANALYST',4);
INSERT INTO FUNCIONARIOS VALUES (850,'KELLEY','PKELLEYNL@BIGLOBE.NE.JP','MASCULINO','CRIANÇAS','4/4/2012',55214,'SENIOR QUALITY ENGINEER',2);
INSERT INTO FUNCIONARIOS VALUES (851,'GORDON','BGORDONNM@IMDB.COM','FEMININO','AUTOMOTIVO','12/29/2002',136448,'MEDIA MANAGER II',4);
INSERT INTO FUNCIONARIOS VALUES (852,'ROSE','SROSENN@FLAVORS.ME','MASCULINO','CALÇADOS','5/1/2010',76086,'STATISTICIAN I',7);
INSERT INTO FUNCIONARIOS VALUES (853,'MENDOZA','EMENDOZANO@EDUBLOGS.ORG','MASCULINO','BELEZA','8/3/2013',128947,'HELP DESK OPERATOR',5);
INSERT INTO FUNCIONARIOS VALUES (854,'HANSON','GHANSONNP@FREE.FR','MASCULINO','FERRAMENTAS','10/14/2006',113354,'VP QUALITY CONTROL',4);
INSERT INTO FUNCIONARIOS VALUES (855,'PERRY','EPERRYNQ@IMDB.COM','MASCULINO','JARDIM','5/21/2012',75125,'VP MARKETING',7);
INSERT INTO FUNCIONARIOS VALUES (856,'ROBERTS','TROBERTSNR@OVER-BLOG.COM','FEMININO','ROUPAS','2/21/2004',139714,'HELP DESK OPERATOR',2);
INSERT INTO FUNCIONARIOS VALUES (857,'NICHOLS','DNICHOLSNS@IFENG.COM','MASCULINO','BRINQUEDOS','10/20/2003',43537,'HELP DESK OPERATOR',4);
INSERT INTO FUNCIONARIOS VALUES (858,'WRIGHT','LWRIGHTNT@HOUSE.GOV','FEMININO','AUTOMOTIVO','11/23/2001',127521,'NURSE',4);
INSERT INTO FUNCIONARIOS VALUES (859,'CLARK','MCLARKNU@BIGCARTEL.COM','MASCULINO','SAÚDE','2/19/2007',112510,'INFORMATION SYSTEMS MANAGER',4);
INSERT INTO FUNCIONARIOS VALUES (860,'ANDERSON','LANDERSONNV@SAKURA.NE.JP','MASCULINO','ESPORTE','12/26/2004',115009,'STRUCTURAL ENGINEER',4);
INSERT INTO FUNCIONARIOS VALUES (861,'FOSTER','KFOSTERNW@A8.NET','FEMININO','ELETRONICOS','5/1/2013',64381,'PROFESSOR',7);
INSERT INTO FUNCIONARIOS VALUES (862,'STANLEY','BSTANLEYNX@PHOCA.CZ','FEMININO','ALIMENTÍCIOS','2/10/2001',149929,'DIRECTOR OF SALES',6);
INSERT INTO FUNCIONARIOS VALUES (863,'GONZALES','FGONZALESNY@SQUARESPACE.COM','FEMININO','AUTOMOTIVO','9/7/2001',101006,'SALES ASSOCIATE',2);
INSERT INTO FUNCIONARIOS VALUES (864,'JONES','SJONESNZ@CHRON.COM','FEMININO','BELEZA','9/1/2013',47716,'QUALITY ENGINEER',2);
INSERT INTO FUNCIONARIOS VALUES (865,'DIXON','MDIXONO0@CBC.CA','FEMININO','ESPORTE','12/29/2008',126420,'STRUCTURAL ANALYSIS ENGINEER',6);
INSERT INTO FUNCIONARIOS VALUES (866,'KELLY','JKELLYO1@AMEBLO.JP','FEMININO','ESPORTE','9/1/2011',55265,'PARALEGAL',1);
INSERT INTO FUNCIONARIOS VALUES (867,'JOHNSON','BJOHNSONO2@TOPLIST.CZ','FEMININO','BOOKS','3/18/2012',95679,'ASSOCIATE PROFESSOR',3);
INSERT INTO FUNCIONARIOS VALUES (868,'PRICE','JPRICEO3@GOOGLE.IT','MASCULINO','FILMES','1/24/2003',52612,'ANALYST PROGRAMMER',7);
INSERT INTO FUNCIONARIOS VALUES (869,'TURNER','PTURNERO4@TAMU.EDU','FEMININO','CALÇADOS','12/10/2010',130849,'DESKTOP SUPPORT TECHNICIAN',5);
INSERT INTO FUNCIONARIOS VALUES (870,'HOWARD','GHOWARDO5@OW.LY','MASCULINO','OUTDOORS','8/21/2006',141753,'ASSISTANT PROFESSOR',3);
INSERT INTO FUNCIONARIOS VALUES (871,'HANSON','THANSONO6@PAGINEGIALLE.IT','MASCULINO','SAÚDE','8/27/2007',133492,'ACCOUNTANT II',3);
INSERT INTO FUNCIONARIOS VALUES (872,'HALL','THALLO7@HUD.GOV','MASCULINO','CRIANÇAS','12/28/2004',112126,'INFORMATION SYSTEMS MANAGER',3);
INSERT INTO FUNCIONARIOS VALUES (873,'ALEXANDER','AALEXANDERO8@HISTATS.COM','FEMININO','BRINQUEDOS','7/5/2006',140078,'ENVIRONMENTAL SPECIALIST',3);
INSERT INTO FUNCIONARIOS VALUES (874,'SPENCER','KSPENCERO9@EVENTBRITE.COM','MASCULINO','BOOKS','9/29/2012',119769,'DIRECTOR OF SALES',2);
INSERT INTO FUNCIONARIOS VALUES (875,'JENKINS','RJENKINSOA@ANSWERS.COM','FEMININO','SAÚDE','2/15/2007',115911,'CIVIL ENGINEER',7);
INSERT INTO FUNCIONARIOS VALUES (876,'MONTGOMERY','AMONTGOMERYOB@DMOZ.ORG','MASCULINO','CALÇADOS','12/22/2003',75676,'RECRUITING MANAGER',3);
INSERT INTO FUNCIONARIOS VALUES (877,'WEBB','RWEBBOC@A8.NET','MASCULINO','OUTDOORS','4/13/2005',144932,'MARKETING ASSISTANT',4);
INSERT INTO FUNCIONARIOS VALUES (878,'WILLIAMSON','PWILLIAMSONOD@UTEXAS.EDU','MASCULINO','INDUSTRIAL','10/25/2010',80102,'GRAPHIC DESIGNER',2);
INSERT INTO FUNCIONARIOS VALUES (879,'HILL','SHILLOE@FT.COM','MASCULINO','FERRAMENTAS','10/3/2011',144661,'REGISTERED NURSE',3);
INSERT INTO FUNCIONARIOS VALUES (880,'GRANT','KGRANTOF@PHOCA.CZ','FEMININO','MÚSICA','9/26/2001',60268,'REGISTERED NURSE',3);
INSERT INTO FUNCIONARIOS VALUES (881,'WRIGHT','CWRIGHTOG@TRELLIAN.COM','FEMININO','FERRAMENTAS','9/10/2014',94072,'SOCIAL WORKER',3);
INSERT INTO FUNCIONARIOS VALUES (882,'GEORGE','WGEORGEOH@MAIL.RU','MASCULINO','CALÇADOS','2/23/2006',85249,'ENGINEER I',2);
INSERT INTO FUNCIONARIOS VALUES (883,'GEORGE','LGEORGEOI@JIGSY.COM','MASCULINO','ALIMENTÍCIOS','10/12/2007',66059,'SOFTWARE TEST ENGINEER IV',5);
INSERT INTO FUNCIONARIOS VALUES (884,'FORD','BFORDOJ@SPIEGEL.DE','FEMININO','ELETRONICOS','11/26/2005',80931,'COST ACCOUNTANT',1);
INSERT INTO FUNCIONARIOS VALUES (885,'WALLACE','MWALLACEOK@ABC.NET.AU','FEMININO','BRINQUEDOS','9/17/2011',118793,'RESEARCH ASSISTANT III',3);
INSERT INTO FUNCIONARIOS VALUES (886,'MURPHY','FMURPHYOL@TUMBLR.COM','FEMININO','BEBÊS','9/26/2014',62114,'ANALYST PROGRAMMER',7);
INSERT INTO FUNCIONARIOS VALUES (887,'VASQUEZ','JVASQUEZOM@NETWORKSOLUTIONS.COM','MASCULINO','BELEZA','5/3/2014',131811,'SOCIAL WORKER',4);
INSERT INTO FUNCIONARIOS VALUES (888,'COLLINS','BCOLLINSON@GOOGLE.PL','FEMININO','OUTDOORS','9/30/2007',143034,'BUDGET/ACCOUNTING ANALYST III',3);
INSERT INTO FUNCIONARIOS VALUES (889,'JACKSON','AJACKSONOO@SLATE.COM','MASCULINO','GAMES','5/7/2013',41516,'NURSE',1);
INSERT INTO FUNCIONARIOS VALUES (890,'HOWELL','EHOWELLOP@DAILYMOTION.COM','FEMININO','BEBÊS','11/26/2012',72534,'ACCOUNT EXECUTIVE',4);
INSERT INTO FUNCIONARIOS VALUES (891,'RICHARDS','ARICHARDSOQ@SO-NET.NE.JP','MASCULINO','BEBÊS','6/9/2011',140004,'DESIGN ENGINEER',7);
INSERT INTO FUNCIONARIOS VALUES (892,'CRAWFORD','PCRAWFORDOR@GNU.ORG','MASCULINO','BELEZA','6/23/2004',114436,'ACCOUNT REPRESENTATIVE IV',5);
INSERT INTO FUNCIONARIOS VALUES (893,'DIXON','JDIXONOS@MSU.EDU','MASCULINO','ALIMENTÍCIOS','3/31/2009',68684,'FUNCIONARIOS SCIENTIST',3);
INSERT INTO FUNCIONARIOS VALUES (894,'OWENS','JOWENSOT@GMPG.ORG','MASCULINO','AUTOMOTIVO','9/18/2000',135326,'GRAPHIC DESIGNER',1);
INSERT INTO FUNCIONARIOS VALUES (895,'MOORE','KMOOREOU@SLATE.COM','MASCULINO','INDUSTRIAL','2/23/2014',40194,'ENVIRONMENTAL SPECIALIST',5);
INSERT INTO FUNCIONARIOS VALUES (896,'CARPENTER','RCARPENTEROV@PAGESPERSO-ORANGE.FR','FEMININO','LAR','10/28/2010',134813,'SAÚDE COACH I',7);
INSERT INTO FUNCIONARIOS VALUES (897,'REID','SREIDOW@SMUGMUG.COM','MASCULINO','BELEZA','3/9/2002',79718,'MARKETING MANAGER',4);
INSERT INTO FUNCIONARIOS VALUES (898,'LEE','KLEEOX@NATURE.COM','FEMININO','INDUSTRIAL','12/9/2010',115085,'SENIOR QUALITY ENGINEER',7);
INSERT INTO FUNCIONARIOS VALUES (899,'BURTON','KBURTONOY@ARMY.MIL','FEMININO','CALÇADOS','3/5/2005',67758,'CHEMICAL ENGINEER',2);
INSERT INTO FUNCIONARIOS VALUES (900,'JORDAN','TJORDANOZ@INSTAGRAM.COM','MASCULINO','BRINQUEDOS','2/23/2012',115776,'DATABASE ADMINISTRATOR I',2);
INSERT INTO FUNCIONARIOS VALUES (901,'PERRY','KPERRYP0@CHRON.COM','MASCULINO','BOOKS','12/15/2013',146701,'RESEARCH ASSISTANT II',7);
INSERT INTO FUNCIONARIOS VALUES (902,'WRIGHT','BWRIGHTP1@DEVIANTART.COM','MASCULINO','CALÇADOS','12/16/2011',109233,'MECHANICAL SYSTEMS ENGINEER',4);
INSERT INTO FUNCIONARIOS VALUES (903,'BURNS','EBURNSP2@DISCUZ.NET','FEMININO','OUTDOORS','1/7/2007',113654,'SAÚDE COACH IV',1);
INSERT INTO FUNCIONARIOS VALUES (904,'ROBERTS','DROBERTSP3@ED.GOV','FEMININO','FERRAMENTAS','8/25/2004',90937,'COST ACCOUNTANT',6);
INSERT INTO FUNCIONARIOS VALUES (905,'WEBB','DWEBBP4@ABOUT.COM','MASCULINO','AUTOMOTIVO','10/10/2007',111689,'GIS TECHNICAL ARCHITECT',5);
INSERT INTO FUNCIONARIOS VALUES (906,'SPENCER','SSPENCERP5@MTV.COM','MASCULINO','ELETRONICOS','4/18/2014',110881,'ELECTRICAL ENGINEER',1);
INSERT INTO FUNCIONARIOS VALUES (907,'FRAZIER','KFRAZIERP6@DAILYMAIL.CO.UK','FEMININO','FERRAMENTAS','9/22/2009',104326,'ASSISTANT MANAGER',5);
INSERT INTO FUNCIONARIOS VALUES (908,'HANSON','JHANSONP7@1688.COM','FEMININO','ELETRONICOS','11/27/2003',144767,'EXECUTIVE SECRETARY',5);
INSERT INTO FUNCIONARIOS VALUES (909,'MCDONALD','HMCDONALDP8@FACEBOOK.COM','MASCULINO','AUTOMOTIVO','12/26/2009',111041,'RESEARCH ASSISTANT II',6);
INSERT INTO FUNCIONARIOS VALUES (910,'REYES','FREYESP9@FT.COM','FEMININO','JARDIM','12/21/2005',148860,'PRODUCT ENGINEER',4);
INSERT INTO FUNCIONARIOS VALUES (911,'PETERSON','JPETERSONPA@UNBLOG.FR','MASCULINO','AUTOMOTIVO','1/20/2002',53964,'PHARMACIST',1);
INSERT INTO FUNCIONARIOS VALUES (912,'FISHER','SFISHERPB@ANSWERS.COM','FEMININO','BELEZA','3/1/2007',131152,'DATABASE ADMINISTRATOR IV',2);
INSERT INTO FUNCIONARIOS VALUES (913,'KELLEY','MKELLEYPC@SOURCEFORGE.NET','FEMININO','ROUPAS','2/20/2012',116266,'MARKETING ASSISTANT',6);
INSERT INTO FUNCIONARIOS VALUES (914,'ARMSTRONG','CARMSTRONGPD@4SHARED.COM','FEMININO','BELEZA','6/7/2006',143853,'DESIGN ENGINEER',2);
INSERT INTO FUNCIONARIOS VALUES (915,'BELL','CBELLPE@NPR.ORG','MASCULINO','FERRAMENTAS','5/26/2010',92561,'SENIOR SALES ASSOCIATE',1);
INSERT INTO FUNCIONARIOS VALUES (916,'PAYNE','BPAYNEPF@CBSNEWS.COM','FEMININO','ALIMENTÍCIOS','8/10/2006',45486,'GIS TECHNICAL ARCHITECT',1);
INSERT INTO FUNCIONARIOS VALUES (917,'GUTIERREZ','SGUTIERREZPG@BLOGLOVIN.COM','MASCULINO','BELEZA','12/11/2004',95424,'VP PRODUCT MANAGEMENT',2);
INSERT INTO FUNCIONARIOS VALUES (918,'MILLER','AMILLERPH@SKYPE.COM','FEMININO','BEBÊS','9/30/2004',73905,'DESIGN ENGINEER',7);
INSERT INTO FUNCIONARIOS VALUES (919,'BISHOP','KBISHOPPI@OVH.NET','FEMININO','FILMES','12/18/2010',53798,'MECHANICAL SYSTEMS ENGINEER',1);
INSERT INTO FUNCIONARIOS VALUES (920,'COLE','SCOLEPJ@ODNOKLASSNIKI.RU','FEMININO','FERRAMENTAS','5/2/2010',116766,'ACCOUNT REPRESENTATIVE IV',4);
INSERT INTO FUNCIONARIOS VALUES (921,'MOORE','JMOOREPK@LAR.PL','FEMININO','BELEZA','6/23/2013',142101,'PARALEGAL',2);
INSERT INTO FUNCIONARIOS VALUES (922,'WATKINS','SWATKINSPL@GOOGLE.FR','FEMININO','BELEZA','4/19/2000',41299,'COMPUTER SYSTEMS ANALYST IV',5);
INSERT INTO FUNCIONARIOS VALUES (923,'WHITE','JWHITEPM@ELPAIS.COM','MASCULINO','ALIMENTÍCIOS','1/7/2003',122130,'PROJECT MANAGER',1);
INSERT INTO FUNCIONARIOS VALUES (924,'WILSON','BWILSONPN@CHRON.COM','MASCULINO','BELEZA','3/6/2003',122446,'SYSTEMS ADMINISTRATOR II',6);
INSERT INTO FUNCIONARIOS VALUES (925,'PHILLIPS','DPHILLIPSPO@ADOBE.COM','FEMININO','JARDIM','10/3/2011',127367,'RECRUITING MANAGER',4);
INSERT INTO FUNCIONARIOS VALUES (926,'AUSTIN','RAUSTINPP@HOUSE.GOV','MASCULINO','BRINQUEDOS','4/1/2014',50161,'ACCOUNT EXECUTIVE',3);
INSERT INTO FUNCIONARIOS VALUES (927,'HOWARD','DHOWARDPQ@OCN.NE.JP','MASCULINO','MÚSICA','11/10/2003',82080,'ANALOG CIRCUIT DESIGN MANAGER',2);
INSERT INTO FUNCIONARIOS VALUES (928,'YOUNG','LYOUNGPR@PSU.EDU','FEMININO','CRIANÇAS','12/21/2009',62799,'OPERATOR',1);
INSERT INTO FUNCIONARIOS VALUES (929,'RICE','ERICEPS@REFERENCE.COM','FEMININO','ROUPAS','8/8/2003',66357,'COST ACCOUNTANT',3);
INSERT INTO FUNCIONARIOS VALUES (930,'HANSEN','JHANSENPT@SLATE.COM','FEMININO','JARDIM','4/26/2013',129746,'GEOLOGICAL ENGINEER',1);
INSERT INTO FUNCIONARIOS VALUES (931,'BURTON','JBURTONPU@WUFOO.COM','FEMININO','BRINQUEDOS','8/24/2004',63682,'RECRUITING MANAGER',5);
INSERT INTO FUNCIONARIOS VALUES (932,'REYES','LREYESPV@TUTTOCITTA.IT','FEMININO','JARDIM','5/27/2009',134114,'ACCOUNTING ASSISTANT IV',2);
INSERT INTO FUNCIONARIOS VALUES (933,'WILLIAMS','GWILLIAMSPW@COLUMBIA.EDU','MASCULINO','BEBÊS','3/23/2014',131273,'WEB DEVELOPER IV',6);
INSERT INTO FUNCIONARIOS VALUES (934,'MORRISON','TMORRISONPX@FREE.FR','MASCULINO','BRINQUEDOS','9/22/2005',93714,'SOCIAL WORKER',5);
INSERT INTO FUNCIONARIOS VALUES (935,'HUDSON','MHUDSONPY@ALTERVISTA.ORG','MASCULINO','BOOKS','12/8/2001',146745,'ASSISTANT MEDIA PLANNER',1);
INSERT INTO FUNCIONARIOS VALUES (936,'WEAVER','MWEAVERPZ@DELICIOUS.COM','FEMININO','COMPUTADORES','12/20/2010',126307,'PROFESSOR',4);
INSERT INTO FUNCIONARIOS VALUES (937,'HAWKINS','CHAWKINSQ0@BRAVESITES.COM','MASCULINO','ESPORTE','9/25/2011',134931,'TAX ACCOUNTANT',1);
INSERT INTO FUNCIONARIOS VALUES (938,'JONES','DJONESQ1@TAMU.EDU','FEMININO','LAR','2/10/2002',73668,'ENVIRONMENTAL SPECIALIST',2);
INSERT INTO FUNCIONARIOS VALUES (939,'AUSTIN','KAUSTINQ2@SOUP.IO','MASCULINO','INDUSTRIAL','1/19/2012',48840,'PRODUCT ENGINEER',1);
INSERT INTO FUNCIONARIOS VALUES (940,'TURNER','LTURNERQ3@YCOMBINATOR.COM','MASCULINO','ALIMENTÍCIOS','3/9/2014',146952,'DENTAL HYGIENIST',2);
INSERT INTO FUNCIONARIOS VALUES (941,'CUNNINGHAM','GCUNNINGHAMQ4@WEBMD.COM','FEMININO','JARDIM','5/7/2006',73565,'MECHANICAL SYSTEMS ENGINEER',7);
INSERT INTO FUNCIONARIOS VALUES (942,'LOPEZ','LLOPEZQ5@USGS.GOV','MASCULINO','CALÇADOS','6/7/2010',64443,'SENIOR SALES ASSOCIATE',6);
INSERT INTO FUNCIONARIOS VALUES (943,'PHILLIPS','KPHILLIPSQ6@SOUP.IO','FEMININO','ELETRONICOS','1/5/2008',127171,'COST ACCOUNTANT',4);
INSERT INTO FUNCIONARIOS VALUES (944,'ADAMS','JADAMSQ7@AOL.COM','FEMININO','AUTOMOTIVO','2/11/2002',79045,'VP PRODUCT MANAGEMENT',3);
INSERT INTO FUNCIONARIOS VALUES (945,'LEE','PLEEQ8@NOAA.GOV','FEMININO','JOALHERIA','3/16/2006',117147,'FUNCIONARIOS ACCOUNTANT III',1);
INSERT INTO FUNCIONARIOS VALUES (946,'PHILLIPS','DPHILLIPSQ9@STANFORD.EDU','FEMININO','OUTDOORS','1/6/2014',69807,'ACCOUNT REPRESENTATIVE IV',3);
INSERT INTO FUNCIONARIOS VALUES (947,'KELLY','CKELLYQA@BOSTON.COM','FEMININO','CALÇADOS','1/9/2004',128646,'SENIOR EDITOR',1);
INSERT INTO FUNCIONARIOS VALUES (948,'JAMES','BJAMESQB@HUBPAGES.COM','MASCULINO','FERRAMENTAS','2/13/2008',47271,'PROGRAMMER ANALYST IV',1);
INSERT INTO FUNCIONARIOS VALUES (949,'WOODS','JWOODSQC@PATCH.COM','MASCULINO','CALÇADOS','12/25/2005',59363,'PROGRAMMER ANALYST IV',1);
INSERT INTO FUNCIONARIOS VALUES (950,'KENNEDY','JKENNEDYQD@NBA.COM','FEMININO','CALÇADOS','7/22/2008',68364,'PROFESSOR',5);
INSERT INTO FUNCIONARIOS VALUES (951,'LEWIS','JLEWISQE@ETSY.COM','FEMININO','BRINQUEDOS','12/17/2012',115975,'SOCIAL WORKER',7);
INSERT INTO FUNCIONARIOS VALUES (952,'COLE','ACOLEQF@UNBLOG.FR','FEMININO','CALÇADOS','10/21/2008',53905,'EDITOR',7);
INSERT INTO FUNCIONARIOS VALUES (953,'EDWARDS','PEDWARDSQG@CNBC.COM','MASCULINO','ALIMENTÍCIOS','9/3/2003',115360,'SOCIAL WORKER',6);
INSERT INTO FUNCIONARIOS VALUES (954,'COOPER','NCOOPERQH@WP.COM','FEMININO','ELETRONICOS','7/19/2011',120108,'COMPUTER SYSTEMS ANALYST II',5);
INSERT INTO FUNCIONARIOS VALUES (955,'MARSHALL','WMARSHALLQI@FASTCOMPANY.COM','MASCULINO','ROUPAS','4/18/2005',59234,'VP PRODUCT MANAGEMENT',7);
INSERT INTO FUNCIONARIOS VALUES (956,'AUSTIN','SAUSTINQJ@VIMEO.COM','FEMININO','ALIMENTÍCIOS','1/28/2007',76812,'BIOSTATISTICIAN III',7);
INSERT INTO FUNCIONARIOS VALUES (957,'FRANKLIN','CFRANKLINQK@DYNDNS.ORG','FEMININO','GAMES','5/8/2012',42347,'VP PRODUCT MANAGEMENT',3);
INSERT INTO FUNCIONARIOS VALUES (958,'WOOD','BWOODQL@EPA.GOV','MASCULINO','FERRAMENTAS','12/5/2003',82164,'COMPENSATION ANALYST',1);
INSERT INTO FUNCIONARIOS VALUES (959,'YOUNG','JYOUNGQM@XING.COM','MASCULINO','MÚSICA','11/29/2000',114695,'STATISTICIAN IV',1);
INSERT INTO FUNCIONARIOS VALUES (960,'LANE','GLANEQN@GOOGLE.FR','MASCULINO','COMPUTADORES','12/31/2002',47541,'PAYMENT ADJUSTMENT COORDINATOR',2);
INSERT INTO FUNCIONARIOS VALUES (961,'BOWMAN','RBOWMANQO@AUDA.ORG.AU','FEMININO','BEBÊS','11/14/2011',116355,'STRUCTURAL ENGINEER',5);
INSERT INTO FUNCIONARIOS VALUES (962,'HAYES','AHAYESQP@NPR.ORG','FEMININO','SAÚDE','10/13/2000',48339,'ENGINEER III',5);
INSERT INTO FUNCIONARIOS VALUES (963,'BURTON','CBURTONQQ@GITHUB.IO','FEMININO','ROUPAS','6/20/2012',58697,'TEACHER',4);
INSERT INTO FUNCIONARIOS VALUES (964,'RAMOS','MRAMOSQR@IS.GD','MASCULINO','JARDIM','3/2/2002',127268,'NURSE PRACTICIONER',4);
INSERT INTO FUNCIONARIOS VALUES (965,'BUTLER','SBUTLERQS@OW.LY','MASCULINO','GAMES','4/2/2014',115541,'PHARMACIST',6);
INSERT INTO FUNCIONARIOS VALUES (966,'KELLY','CKELLYQT@CANALBLOG.COM','FEMININO','INDUSTRIAL','2/13/2008',54876,'RESEARCH ASSOCIATE',2);
INSERT INTO FUNCIONARIOS VALUES (967,'LAWSON','CLAWSONQU@CARGOCOLLECTIVE.COM','FEMININO','BELEZA','8/13/2012',55081,'MECHANICAL SYSTEMS ENGINEER',5);
INSERT INTO FUNCIONARIOS VALUES (968,'MORENO','NMORENOQV@CHRONOENGINE.COM','MASCULINO','BELEZA','9/26/2009',123017,'SPEECH PATHOLOGIST',6);
INSERT INTO FUNCIONARIOS VALUES (969,'RICHARDS','JRICHARDSQW@BLOG.COM','MASCULINO','ROUPAS','7/5/2014',85294,'MEDIA MANAGER I',4);
INSERT INTO FUNCIONARIOS VALUES (970,'JAMES','PJAMESQX@NYMAG.COM','MASCULINO','CRIANÇAS','8/5/2004',54470,'ACCOUNTING ASSISTANT IV',2);
INSERT INTO FUNCIONARIOS VALUES (971,'DUNN','MDUNNQY@CHRONOENGINE.COM','FEMININO','OUTDOORS','6/11/2011',148889,'HELP DESK OPERATOR',4);
INSERT INTO FUNCIONARIOS VALUES (972,'BAILEY','MBAILEYQZ@HOWSTUFFWORKS.COM','FEMININO','BEBÊS','1/10/2008',94049,'SENIOR FINANCIAL ANALYST',7);
INSERT INTO FUNCIONARIOS VALUES (973,'WALKER','SWALKERR0@SINA.COM.CN','FEMININO','FILMES','5/11/2009',51132,'ASSISTANT MANAGER',4);
INSERT INTO FUNCIONARIOS VALUES (974,'WELCH','RWELCHR1@EVENTBRITE.COM','MASCULINO','BRINQUEDOS','6/14/2002',87422,'RESEARCH NURSE',3);
INSERT INTO FUNCIONARIOS VALUES (975,'FOWLER','KFOWLERR2@WP.COM','FEMININO','JARDIM','9/15/2014',88439,'MEDIA MANAGER III',2);
INSERT INTO FUNCIONARIOS VALUES (976,'CHAPMAN','ACHAPMANR3@LIST-MANAGE.COM','MASCULINO','BELEZA','2/25/2005',110749,'LEGAL ASSISTANT',7);
INSERT INTO FUNCIONARIOS VALUES (977,'COLLINS','ACOLLINSR4@JIATHIS.COM','MASCULINO','BELEZA','10/26/2006',137911,'ACCOUNTANT IV',4);
INSERT INTO FUNCIONARIOS VALUES (978,'HUNT','GHUNTR5@MOONFRUIT.COM','MASCULINO','ELETRONICOS','6/18/2009',93665,'SAÚDE COACH I',3);
INSERT INTO FUNCIONARIOS VALUES (979,'MEDINA','BMEDINAR6@1688.COM','MASCULINO','BEBÊS','12/31/2009',90068,'QUALITY CONTROL SPECIALIST',6);
INSERT INTO FUNCIONARIOS VALUES (980,'SANCHEZ','TSANCHEZR7@LYCOS.COM','FEMININO','LAR','12/19/2014',83704,'EDITOR',5);
INSERT INTO FUNCIONARIOS VALUES (981,'SIMMONS','DSIMMONSR8@CRAIGSLIST.ORG','MASCULINO','BELEZA','6/27/2011',116767,'ENVIRONMENTAL TECH',3);
INSERT INTO FUNCIONARIOS VALUES (982,'MENDOZA','BMENDOZAR9@REFERENCE.COM','FEMININO','BRINQUEDOS','8/26/2000',54599,'ASSISTANT MEDIA PLANNER',3);
INSERT INTO FUNCIONARIOS VALUES (983,'LOPEZ','LLOPEZRA@BLOGGER.COM','FEMININO','ESPORTE','2/17/2014',94685,'RESEARCH NURSE',4);
INSERT INTO FUNCIONARIOS VALUES (984,'WILLIAMS','HWILLIAMSRB@WEBNODE.COM','MASCULINO','JOALHERIA','10/20/2004',91608,'FUNCIONARIOS SCIENTIST',5);
INSERT INTO FUNCIONARIOS VALUES (985,'STEVENS','HSTEVENSRC@HUGEDOMAINS.COM','MASCULINO','ELETRONICOS','2/28/2006',118791,'SAFETY TECHNICIAN IV',1);
INSERT INTO FUNCIONARIOS VALUES (986,'RYAN','HRYANRD@NETWORKADVERTISING.ORG','MASCULINO','BELEZA','11/27/2002',115888,'LIBRARIAN',6);
INSERT INTO FUNCIONARIOS VALUES (987,'LAWRENCE','SLAWRENCERE@CDBABY.COM','FEMININO','FERRAMENTAS','12/17/2000',60743,'CIVIL ENGINEER',5);
INSERT INTO FUNCIONARIOS VALUES (988,'COLE','ECOLERF@SCIENTIFICAMERICAN.COM','FEMININO','BELEZA','4/17/2005',117962,'ACCOUNTANT III',7);
INSERT INTO FUNCIONARIOS VALUES (989,'FIELDS','DFIELDSRG@EXAMINER.COM','FEMININO','MÚSICA','3/7/2004',67817,'REGISTERED NURSE',7);
INSERT INTO FUNCIONARIOS VALUES (990,'THOMAS','LTHOMASRH@ELEGANTTHEMES.COM','MASCULINO','CRIANÇAS','8/6/2003',76229,'BUSINESS SYSTEMS DEVELOPMENT ANALYST',4);
INSERT INTO FUNCIONARIOS VALUES (991,'TURNER','RTURNERRI@A8.NET','FEMININO','ELETRONICOS','12/13/2009',62286,'SENIOR SALES ASSOCIATE',2);
INSERT INTO FUNCIONARIOS VALUES (992,'EDWARDS','NEDWARDSRJ@WIKIMEDIA.ORG','MASCULINO','OUTDOORS','10/30/2006',121713,'DIRECTOR OF SALES',5);
INSERT INTO FUNCIONARIOS VALUES (993,'ANDERSON','SANDERSONRK@BUSINESSWIRE.COM','FEMININO','BOOKS','3/7/2009',139486,'PRODUCT ENGINEER',7);
INSERT INTO FUNCIONARIOS VALUES (994,'HAMILTON','RHAMILTONRL@SKYPE.COM','FEMININO','SAÚDE','10/29/2002',141375,'DESKTOP SUPPORT TECHNICIAN',7);
INSERT INTO FUNCIONARIOS VALUES (995,'WOOD','KWOODRM@INDIEGOGO.COM','FEMININO','JOALHERIA','4/5/2010',83404,'PHARMACIST',2);
INSERT INTO FUNCIONARIOS VALUES (996,'JAMES','TJAMESRN@SOUNDCLOUD.COM','FEMININO','GAMES','11/17/2013',78433,'ACCOUNTANT II',7);
INSERT INTO FUNCIONARIOS VALUES (997,'REYNOLDS','DREYNOLDSRO@BLOGTALKRADIO.COM','FEMININO','COMPUTADORES','4/16/2007',120138,'STATISTICIAN IV',1);
INSERT INTO FUNCIONARIOS VALUES (998,'WALKER','KWALKERRP@UNICEF.ORG','FEMININO','GAMES','2/13/2010',60363,'ACCOUNT COORDINATOR',1);
INSERT INTO FUNCIONARIOS VALUES (999,'KENNEDY','LKENNEDYRQ@EDUBLOGS.ORG','MASCULINO','INDUSTRIAL','9/22/2004',48050,'GRAPHIC DESIGNER',2);
INSERT INTO FUNCIONARIOS VALUES (1000,'HOWARD','SHOWARDRR@ADDTOANY.COM','MASCULINO','BEBÊS','11/7/2003',148687,'GENERAL MANAGER',3);
